class,code,name,prof,time,grade,score,number,etc,exp,category,campus
교양,GEDM001-01,고전명저북클럽,박정하,금10:00-10:50【50310】 금11:00-11:50【50310】【1h(ON)+2h(OFF)】,3,3.21,35,0,"플립러닝(온라인[사전제작]+오프라인), ※ 수강삭제 및 철회불가 ※",고명북,인사캠
교양,GEDM001-02,고전명저북클럽,고재석,금10:00-10:50【50104】 금11:00-11:50【50104】【1h(ON)+2h(OFF)】,3,3.88,27,0,"플립러닝(온라인[사전제작]+오프라인), ※ 수강삭제 및 철회불가 ※",고명북,인사캠
교양,GEDM001-03,고전명저북클럽,오종우,금10:00-10:50【31607】 금11:00-11:50【31607】【1h(ON)+2h(OFF)】,3,4.06,25,0,"플립러닝(온라인[사전제작]+오프라인), ※ 수강삭제 및 철회불가 ※",고명북,인사캠
교양,GEDM001-04,고전명저북클럽,이상철,금10:00-10:50【50105】 금11:00-11:50【50105】【1h(ON)+2h(OFF)】,3,4.44,22,0,"플립러닝(온라인[사전제작]+오프라인), ※ 수강삭제 및 철회불가 ※",고명북,인사캠
교양,GEDM001-05,고전명저북클럽,박상태,금10:00-10:50【50317】 금11:00-11:50【50317】【1h(ON)+2h(OFF)】,3,3.67,21,0,"플립러닝(온라인[사전제작]+오프라인), ※ 수강삭제 및 철회불가 ※",고명북,인사캠
교양,GEDM001-08,고전명저북클럽,이충은,금12:00-12:50【50408】 금13:00-13:50【50408】【1h(ON)+2h(OFF)】,3,3.53,23,0,"플립러닝(온라인[사전제작]+오프라인), ※ 수강삭제 및 철회불가 ※",고명북,인사캠
교양,GEDM001-09,고전명저북클럽,이은영,금10:00-10:50【33302】 금11:00-11:50【33302】【1h(ON)+2h(OFF)】,3,4.29,21,0,"플립러닝(온라인[사전제작]+오프라인), ※ 수강삭제 및 철회불가 ※",고명북,인사캠
교양,GEDM001-10,고전명저북클럽,김종규,금10:00-10:50【50306】 금11:00-11:50【50306】【1h(ON)+2h(OFF)】,3,4.45,21,0,"플립러닝(온라인[사전제작]+오프라인), ※ 수강삭제 및 철회불가 ※",고명북,인사캠
교양,GEDM001-13,고전명저북클럽,조원경,금10:00-10:50【50305】 금11:00-11:50【50305】【1h(ON)+2h(OFF)】,3,4.81,22,0,"플립러닝(온라인[사전제작]+오프라인), ※ 수강삭제 및 철회불가 ※",고명북,인사캠
교양,GEDM001-14,고전명저북클럽,김봉석,금10:00-10:50【61803】 금11:00-11:50【61803】【1h(ON)+2h(OFF)】,3,4.59,25,0,"플립러닝(온라인[사전제작]+오프라인), ※ 수강삭제 및 철회불가 ※",고명북,인사캠
교양,GEDM001-15,고전명저북클럽,김영,금10:00-10:50【50401】 금11:00-11:50【50401】【1h(ON)+2h(OFF)】,3,4.58,19,0,"플립러닝(온라인[사전제작]+오프라인), ※ 수강삭제 및 철회불가 ※",고명북,인사캠
교양,GEDM001-16,고전명저북클럽,김종석,금10:00-10:50【31506】 금11:00-11:50【31506】【1h(ON)+2h(OFF)】,3,4.48,20,0,"플립러닝(온라인[사전제작]+오프라인), ※ 수강삭제 및 철회불가 ※",고명북,인사캠
교양,GEDM001-18,고전명저북클럽,안상원,금10:00-10:50【33306】 금11:00-11:50【33306】【1h(ON)+2h(OFF)】,3,4.31,21,0,"플립러닝(온라인[사전제작]+오프라인), ※ 수강삭제 및 철회불가 ※",고명북,인사캠
교양,GEDM001-19,고전명저북클럽,임홍태,금10:00-10:50【33303】 금11:00-11:50【33303】【1h(ON)+2h(OFF)】,3,3.61,22,0,"플립러닝(온라인[사전제작]+오프라인), ※ 수강삭제 및 철회불가 ※",고명북,인사캠
교양,GEDM001-20,고전명저북클럽,심선옥,금10:00-10:50【31606】 금11:00-11:50【31606】【1h(ON)+2h(OFF)】,3,4.8,21,0,"플립러닝(온라인[사전제작]+오프라인), ※ 수강삭제 및 철회불가 ※",고명북,인사캠
교양,GEDM001-21,고전명저북클럽,박정하,금12:00-12:50【50402】 금13:00-13:50【50402】【1h(ON)+2h(OFF)】,3,3.24,34,0,"플립러닝(온라인[사전제작]+오프라인), ※ 재학생 전용반 / 수강삭제 및 철회불가 ※",고명북,인사캠
교양,GEDM001-22,고전명저북클럽,오종우,금12:00-12:50【31607】 금13:00-13:50【31607】【1h(ON)+2h(OFF)】,3,4.06,23,0,"플립러닝(온라인[사전제작]+오프라인), ※ 수강삭제 및 철회불가 ※",고명북,인사캠
교양,GEDM001-23,고전명저북클럽,김경호,금12:00-12:50【31506】 금13:00-13:50【31506】【1h(ON)+2h(OFF)】,3,3.87,24,0,"플립러닝(온라인[사전제작]+오프라인), ※ 수강삭제 및 철회불가 ※",고명북,인사캠
교양,GEDM001-24,고전명저북클럽,박상태,금12:00-12:50【50317】 금13:00-13:50【50317】【1h(ON)+2h(OFF)】,3,3.67,23,0,"플립러닝(온라인[사전제작]+오프라인), ※ 수강삭제 및 철회불가 ※",고명북,인사캠
교양,GEDM001-26,고전명저북클럽,이아름,금12:00-12:50【31405】 금13:00-13:50【31405】【1h(ON)+2h(OFF)】,3,3.67,21,0,"플립러닝(온라인[사전제작]+오프라인), ※ 수강삭제 및 철회불가 ※",고명북,인사캠
교양,GEDM001-27,고전명저북클럽,김종규,금12:00-12:50【50306】 금13:00-13:50【50306】【1h(ON)+2h(OFF)】,3,4.47,17,0,"플립러닝(온라인[사전제작]+오프라인), ※ 수강삭제 및 철회불가 ※",고명북,인사캠
교양,GEDM001-29,고전명저북클럽,조원경,금12:00-12:50【50305】 금13:00-13:50【50305】【1h(ON)+2h(OFF)】,3,4.81,21,0,"플립러닝(온라인[사전제작]+오프라인), ※ 수강삭제 및 철회불가 ※",고명북,인사캠
교양,GEDM001-30,고전명저북클럽,김연순,금12:00-12:50【31403】 금13:00-13:50【31403】【1h(ON)+2h(OFF)】,3,3.06,22,0,"플립러닝(온라인[사전제작]+오프라인), ※ 수강삭제 및 철회불가 ※",고명북,인사캠
교양,GEDM001-31,고전명저북클럽,김영,금12:00-12:50【50401】 금13:00-13:50【50401】【1h(ON)+2h(OFF)】,3,4.58,21,0,"플립러닝(온라인[사전제작]+오프라인), ※ 수강삭제 및 철회불가 ※",고명북,인사캠
교양,GEDM001-32,고전명저북클럽,나연숙,금12:00-12:50【50304】 금13:00-13:50【50304】【1h(ON)+2h(OFF)】,3,2.23,24,0,"플립러닝(온라인[사전제작]+오프라인), ※ 수강삭제 및 철회불가 ※",고명북,인사캠
교양,GEDM001-34,고전명저북클럽,우상수,금12:00-12:50【33306】 금13:00-13:50【33306】【1h(ON)+2h(OFF)】,3,4.92,22,0,"플립러닝(온라인[사전제작]+오프라인), ※ 수강삭제 및 철회불가 ※",고명북,인사캠
교양,GEDM001-35,고전명저북클럽,이선열,금12:00-12:50【31707】 금13:00-13:50【31707】【1h(ON)+2h(OFF)】,3,4.57,23,0,"플립러닝(온라인[사전제작]+오프라인), ※ 수강삭제 및 철회불가 ※",고명북,인사캠
교양,GEDM001-36,고전명저북클럽,임홍태,금12:00-12:50【33303】 금13:00-13:50【33303】【1h(ON)+2h(OFF)】,3,3.61,20,0,"플립러닝(온라인[사전제작]+오프라인), ※ 수강삭제 및 철회불가 ※",고명북,인사캠
교양,GEDM001-37,고전명저북클럽,조일,금12:00-12:50【31408】 금13:00-13:50【31408】【1h(ON)+2h(OFF)】,3,4.78,23,0,"플립러닝(온라인[사전제작]+오프라인), ※ 수강삭제 및 철회불가 ※",고명북,인사캠
교양,GEDM001-38,고전명저북클럽,한승일,금12:00-12:50【50104】 금13:00-13:50【50104】【1h(ON)+2h(OFF)】,3,4.86,21,0,"플립러닝(온라인[사전제작]+오프라인), ※ 수강삭제 및 철회불가 ※",고명북,인사캠
교양,GEDM001-39,고전명저북클럽,하주영,금12:00-12:50【50105】 금13:00-13:50【50105】【1h(ON)+2h(OFF)】,3,3.25,22,0,"플립러닝(온라인[사전제작]+오프라인), ※ 수강삭제 및 철회불가 ※",고명북,인사캠
교양,GEDM001-A0,고전명저북클럽,고재석,금14:00-14:50【50104】 금15:00-15:50【50104】【1h(ON)+2h(OFF)】,3,3.83,22,0,"플립러닝(온라인[사전제작]+오프라인), ※ 수강삭제 및 철회불가 ※",고명북,인사캠
교양,GEDM001-A2,고전명저북클럽,이충은,금16:00-16:50【50411】 금17:00-17:50【50411】【1h(ON)+2h(OFF)】,3,3.53,19,0,"플립러닝(온라인[사전제작]+오프라인), ※ 수강삭제 및 철회불가 ※",고명북,인사캠
교양,GEDM001-A3,고전명저북클럽,김진균,금14:00-14:50【50305】 금15:00-15:50【50305】【1h(ON)+2h(OFF)】,3,4.73,20,0,"플립러닝(온라인[사전제작]+오프라인), ※ 수강삭제 및 철회불가 ※",고명북,인사캠
교양,GEDM001-A4,고전명저북클럽,이은영,금14:00-14:50【50408】 금15:00-15:50【50408】【1h(ON)+2h(OFF)】,3,4.29,18,0,"플립러닝(온라인[사전제작]+오프라인), ※ 수강삭제 및 철회불가 ※",고명북,인사캠
교양,GEDM001-A6,고전명저북클럽,김상현,금14:00-14:50【50317】 금15:00-15:50【50317】【1h(ON)+2h(OFF)】,3,3.69,23,0,"플립러닝(온라인[사전제작]+오프라인), ※ 수강삭제 및 철회불가 ※",고명북,인사캠
교양,GEDM001-A7,고전명저북클럽,한기호,금14:00-14:50【50411】 금15:00-15:50【50411】【1h(ON)+2h(OFF)】,3,3.85,21,0,"플립러닝(온라인[사전제작]+오프라인), ※ 수강삭제 및 철회불가 ※",고명북,인사캠
교양,GEDM001-A9,고전명저북클럽,우상수,금14:00-14:50【33306】 금15:00-15:50【33306】【1h(ON)+2h(OFF)】,3,4.92,21,0,"플립러닝(온라인[사전제작]+오프라인), ※ 수강삭제 및 철회불가 ※",고명북,인사캠
교양,GEDM001-B0,고전명저북클럽,이선열,금14:00-14:50【31707】 금15:00-15:50【31707】【1h(ON)+2h(OFF)】,3,4.57,20,0,"플립러닝(온라인[사전제작]+오프라인), ※ 수강삭제 및 철회불가 ※",고명북,인사캠
교양,GEDM001-B1,고전명저북클럽,이주강,금14:00-14:50【50304】 금15:00-15:50【50304】【1h(ON)+2h(OFF)】,3,3.86,23,0,"플립러닝(온라인[사전제작]+오프라인), ※ 수강삭제 및 철회불가 ※",고명북,인사캠
교양,GEDM001-B2,고전명저북클럽,장우성,금14:00-14:50【50306】 금15:00-15:50【50306】【1h(ON)+2h(OFF)】,3,4.53,23,0,"플립러닝(온라인[사전제작]+오프라인), ※ 수강삭제 및 철회불가 ※",고명북,인사캠
교양,GEDM001-B3,고전명저북클럽,조일,금14:00-14:50【31408】 금15:00-15:50【31408】【1h(ON)+2h(OFF)】,3,4.78,21,0,"플립러닝(온라인[사전제작]+오프라인), ※ 수강삭제 및 철회불가 ※",고명북,인사캠
교양,GEDM001-B4,고전명저북클럽,최문형,금14:00-14:50【33303】 금15:00-15:50【33303】【1h(ON)+2h(OFF)】,3,4.48,22,0,"플립러닝(온라인[사전제작]+오프라인), ※ 수강삭제 및 철회불가 ※",고명북,인사캠
교양,GEDM001-B5,고전명저북클럽,홍이정,금14:00-14:50【31506】 금15:00-15:50【31506】【1h(ON)+2h(OFF)】,3,4.4,22,0,"플립러닝(온라인[사전제작]+오프라인), ※ 수강삭제 및 철회불가 ※",고명북,인사캠
교양,GEDM001-B6,고전명저북클럽,하주영,금14:00-14:50【50105】 금15:00-15:50【50105】【1h(ON)+2h(OFF)】,3,3.25,20,0,"플립러닝(온라인[사전제작]+오프라인), ※ 수강삭제 및 철회불가 ※",고명북,인사캠
교양,GEDM001-B9,고전명저북클럽,김진균,금16:00-16:50【50305】 금17:00-17:50【50305】【1h(ON)+2h(OFF)】,3,4.72,21,0,"플립러닝(온라인[사전제작]+오프라인), ※ 수강삭제 및 철회불가 ※",고명북,인사캠
교양,GEDM001-C0,고전명저북클럽,임부연,금16:00-16:50【50308】 금17:00-17:50【50308】【1h(ON)+2h(OFF)】,3,4.52,23,0,"플립러닝(온라인[사전제작]+오프라인), ※ 수강삭제 및 철회불가 ※",고명북,인사캠
교양,GEDM001-C1,고전명저북클럽,송대현,금16:00-16:50【31706】 금17:00-17:50【31706】【1h(ON)+2h(OFF)】,3,4,25,0,"플립러닝(온라인[사전제작]+오프라인), ※ 수강삭제 및 철회불가 ※",고명북,인사캠
교양,GEDM001-C2,고전명저북클럽,노란,금16:00-16:50【31707】 금17:00-17:50【31707】【1h(ON)+2h(OFF)】,3,4.81,23,0,"플립러닝(온라인[사전제작]+오프라인), ※ 수강삭제 및 철회불가 ※",고명북,인사캠
교양,GEDM001-C3,고전명저북클럽,이오륜,금16:00-16:50【50415】 금17:00-17:50【50415】【1h(ON)+2h(OFF)】,3,5,21,0,"플립러닝(온라인[사전제작]+오프라인), ※ 수강삭제 및 철회불가 ※",고명북,인사캠
교양,GEDM001-C4,고전명저북클럽,구현숙,금16:00-16:50【50105】 금17:00-17:50【50105】【1h(ON)+2h(OFF)】,3,3.35,22,0,"플립러닝(온라인[사전제작]+오프라인), ※ 수강삭제 및 철회불가 ※",고명북,인사캠
교양,GEDM001-C5,고전명저북클럽,김병욱,금16:00-16:50【31506】 금17:00-17:50【31506】【1h(ON)+2h(OFF)】,3,4.35,23,0,"플립러닝(온라인[사전제작]+오프라인), ※ 수강삭제 및 철회불가 ※",고명북,인사캠
교양,GEDM001-C6,고전명저북클럽,김주일,금16:00-16:50【50104】 금17:00-17:50【50104】【1h(ON)+2h(OFF)】,3,2.62,21,0,"플립러닝(온라인[사전제작]+오프라인), ※ 수강삭제 및 철회불가 ※",고명북,인사캠
교양,GEDM001-C7,고전명저북클럽,김진,금16:00-16:50【50317】 금17:00-17:50【50317】【1h(ON)+2h(OFF)】,3,4.33,21,0,"플립러닝(온라인[사전제작]+오프라인), ※ 수강삭제 및 철회불가 ※",고명북,인사캠
교양,GEDM001-C8,고전명저북클럽,김준태,금16:00-16:50【31605】 금17:00-17:50【31605】【1h(ON)+2h(OFF)】,3,4.99,19,0,"플립러닝(온라인[사전제작]+오프라인), ※ 수강삭제 및 철회불가 ※",고명북,인사캠
교양,GEDM001-C9,고전명저북클럽,박미리,금16:00-16:50【31408】 금17:00-17:50【31408】【1h(ON)+2h(OFF)】,3,3.98,22,0,"플립러닝(온라인[사전제작]+오프라인), ※ 수강삭제 및 철회불가 ※",고명북,인사캠
교양,GEDM001-D0,고전명저북클럽,안상원,금16:00-16:50【33306】 금17:00-17:50【33306】【1h(ON)+2h(OFF)】,3,4.31,23,0,"플립러닝(온라인[사전제작]+오프라인), ※ 수강삭제 및 철회불가 ※",고명북,인사캠
교양,GEDM001-D1,고전명저북클럽,이주강,금16:00-16:50【50304】 금17:00-17:50【50304】【1h(ON)+2h(OFF)】,3,3.86,20,0,"플립러닝(온라인[사전제작]+오프라인), ※ 수강삭제 및 철회불가 ※",고명북,인사캠
교양,GEDM001-D2,고전명저북클럽,전대석,금16:00-16:50【50306】 금17:00-17:50【50306】【1h(ON)+2h(OFF)】,3,3.66,21,0,"플립러닝(온라인[사전제작]+오프라인), ※ 수강삭제 및 철회불가 ※",고명북,인사캠
교양,GEDM001-D3,고전명저북클럽,정준영,금16:00-16:50【61806】 금17:00-17:50【61806】【1h(ON)+2h(OFF)】,3,2.79,22,0,"플립러닝(온라인[사전제작]+오프라인), ※ 수강삭제 및 철회불가 ※",고명북,인사캠
교양,GEDM001-D4,고전명저북클럽,최문형,금16:00-16:50【33303】 금17:00-17:50【33303】【1h(ON)+2h(OFF)】,3,4.48,19,0,"플립러닝(온라인[사전제작]+오프라인), ※ 수강삭제 및 철회불가 ※",고명북,인사캠
교양,GEDM001-D5,고전명저북클럽,한성일,금16:00-16:50【50408】 금17:00-17:50【50408】【1h(ON)+2h(OFF)】,3,3.43,22,0,"플립러닝(온라인[사전제작]+오프라인), ※ 수강삭제 및 철회불가 ※",고명북,인사캠
교양,GEDM001-D6,고전명저북클럽,함윤식,금16:00-16:50【61803】 금17:00-17:50【61803】【1h(ON)+2h(OFF)】,3,3.75,21,0,"플립러닝(온라인[사전제작]+오프라인), ※ 수강삭제 및 철회불가 ※",고명북,인사캠
교양,GEDM001-D7,고전명저북클럽,현남숙,금16:00-16:50【33302】 금17:00-17:50【33302】【1h(ON)+2h(OFF)】,3,3.82,21,0,"플립러닝(온라인[사전제작]+오프라인), ※ 수강삭제 및 철회불가 ※",고명북,인사캠
교양,GEDM001-17,고전명저북클럽,김화자,금10:00-10:50【31508B】 금11:00-11:50【31508B】【1h(ON)+2h(OFF)】,3,3.38,21,0,"플립러닝(온라인[사전제작]+오프라인), ※ 수강삭제 및 철회불가 ※",고명북,인사캠
교양,GEDM001-06,고전명저북클럽,이천승,금10:00-10:50【50408】 금11:00-11:50【50408】【1h(ON)+2h(OFF)】,3,3.9,22,0,"플립러닝(온라인[사전제작]+오프라인), ※ 수강삭제 및 철회불가 ※",고명북,인사캠
교양,GEDM001-12,고전명저북클럽,김성수,금10:00-10:50【50304】 금11:00-11:50【50304】【1h(ON)+2h(OFF)】,3,3.28,22,0,"플립러닝(온라인[사전제작]+오프라인), ※ 수강삭제 및 철회불가 ※",고명북,인사캠
교양,GEDM001-25,고전명저북클럽,박지영,금12:00-12:50【50415】 금13:00-13:50【50415】【1h(ON)+2h(OFF)】,3,4.51,21,0,"플립러닝(온라인[사전제작]+오프라인), ※ 수강삭제 및 철회불가 ※",고명북,인사캠
교양,GEDM001-40,고전명저북클럽,서근식,금12:00-12:50【33302】 금13:00-13:50【33302】【1h(ON)+2h(OFF)】,3,4.2,21,0,"플립러닝(온라인[사전제작]+오프라인), ※ 수강삭제 및 철회불가 ※",고명북,인사캠
교양,GEDM001-B7,고전명저북클럽,서근식,금14:00-14:50【33302】 금15:00-15:50【33302】【1h(ON)+2h(OFF)】,3,4.2,22,0,"플립러닝(온라인[사전제작]+오프라인), ※ 수강삭제 및 철회불가 ※",고명북,인사캠
교양,GEDM001-33,고전명저북클럽,오현정,금12:00-12:50【61803】 금13:00-13:50【61803】【1h(ON)+2h(OFF)】,3,4.3,19,0,"플립러닝(온라인[사전제작]+오프라인), ※ 수강삭제 및 철회불가 ※",고명북,인사캠
교양,GEDM001-A8,고전명저북클럽,오현정,금14:00-14:50【61803】 금15:00-15:50【61803】【1h(ON)+2h(OFF)】,3,4.3,22,0,"플립러닝(온라인[사전제작]+오프라인), ※ 수강삭제 및 철회불가 ※",고명북,인사캠
교양,GEDM001-07,고전명저북클럽,박소현,금10:00-10:50【31706】 금11:00-11:50【31706】【1h(ON)+2h(OFF)】,3,4.33,22,0,"플립러닝(온라인[사전제작]+오프라인), ※ 수강삭제 및 철회불가 ※",고명북,인사캠
교양,GEDM001-11,고전명저북클럽,박희경,금10:00-10:50【31408】 금11:00-11:50【31408】【1h(ON)+2h(OFF)】,3,4.17,23,0,"플립러닝(온라인[사전제작]+오프라인), ※ 수강삭제 및 철회불가 ※",고명북,인사캠
교양,GEDM001-28,고전명저북클럽,김미란,금12:00-12:50【50308】 금13:00-13:50【50308】【1h(ON)+2h(OFF)】,3,4.09,20,0,"플립러닝(온라인[사전제작]+오프라인), ※ 수강삭제 및 철회불가 ※",고명북,인사캠
교양,GEDM001-A1,고전명저북클럽,박소현,금14:00-14:50【50415】 금15:00-15:50【50415】【1h(ON)+2h(OFF)】,3,4.33,21,0,"플립러닝(온라인[사전제작]+오프라인), ※ 수강삭제 및 철회불가 ※",고명북,인사캠
교양,GEDM001-A5,고전명저북클럽,김미란,금14:00-14:50【50308】 금15:00-15:50【50308】【1h(ON)+2h(OFF)】,3,4.09,20,0,"플립러닝(온라인[사전제작]+오프라인), ※ 수강삭제 및 철회불가 ※",고명북,인사캠
교양,GEDM001-B8,고전명저북클럽,송경희,금14:00-14:50【31403】 금15:00-15:50【31403】【1h(ON)+2h(OFF)】,3,4.25,22,0,"플립러닝(온라인[사전제작]+오프라인), ※ 수강삭제 및 철회불가 ※",고명북,인사캠
교양,GEDM001-D8,고전명저북클럽,송경희,금16:00-16:50【31403】 금17:00-17:50【31403】【1h(ON)+2h(OFF)】,3,4.25,18,0,"플립러닝(온라인[사전제작]+오프라인), ※ 수강삭제 및 철회불가 ※",고명북,인사캠
교양,GEDC010-01,성균논어,길훈섭,월09:00-09:50【50307】 월10:00-10:50【50307】,2,4.86,46,0,오프라인,성균인성.리더십,인사캠
교양,GEDC010-03,성균논어,임홍태,월13:00-13:50【50307】 월14:00-14:50【50307】,2,3.72,57,0,오프라인,성균인성.리더십,인사캠
교양,GEDC010-05,성균논어,김병목,화09:00-09:50【50307】 화10:00-10:50【50307】,2,4.86,66,0,오프라인,성균인성.리더십,인사캠
교양,GEDC010-06,성균논어,이천승,화11:00-11:50【50307】 화12:00-12:50【50307】,2,4.14,27,0,오프라인,성균인성.리더십,인사캠
교양,GEDC010-07,성균논어,김종석,화13:00-13:50【50307】 화14:00-14:50【50307】,2,4.73,69,0,PBL(온라인[사전제작]+오프라인),성균인성.리더십,인사캠
교양,GEDC010-09,성균논어,홍린,수09:00-09:50【50307】 수10:00-10:50【50307】,2,4.9,66,0,오프라인,성균인성.리더십,인사캠
교양,GEDC010-10,성균논어,배제성,수11:00-11:50【50307】 수12:00-12:50【50307】,2,4.67,65,0,오프라인,성균인성.리더십,인사캠
교양,GEDC010-11,성균논어,정병섭,수13:00-13:50【50307】 수14:00-14:50【50307】,2,4.93,80,0,PBL(온라인[사전제작]+오프라인),성균인성.리더십,인사캠
교양,GEDC010-12,성균논어,정병섭,수15:00-15:50【50307】 수16:00-16:50【50307】,2,4.93,74,0,PBL(온라인[사전제작]+오프라인),성균인성.리더십,인사캠
교양,GEDC010-13,성균논어,길훈섭,목09:00-09:50【50307】 목10:00-10:50【50307】,2,4.88,68,0,PBL(온라인[사전제작]+오프라인),성균인성.리더십,인사캠
교양,GEDC010-14,성균논어,김미라,목11:00-11:50【50307】 목12:00-12:50【50307】,2,4.59,67,0,PBL(온라인[사전제작]+오프라인),성균인성.리더십,인사캠
교양,GEDC010-15,성균논어,이주강,목13:00-13:50【50307】 목14:00-14:50【50307】,2,4.75,55,0,"국제어수업, PBL(온라인[사전제작]+오프라인), 국제어(English)",성균인성.리더십,인사캠
교양,GEDR014-01,실천리더십,홍성호,월13:00-13:50【50317】 월14:00-14:50【50317】,2,3.92,43,0,오프라인,성균인성.리더십,인사캠
교양,GEDR014-02,실천리더십,홍현희,화13:00-13:50【31709】 화14:00-14:50【31709】,2,4.93,41,0,PBL(온라인[사전제작]+오프라인),성균인성.리더십,인사캠
교양,GEDR014-03,실천리더십,홍현희,화15:00-15:50【31507】 화16:00-16:50【31507】,2,4.93,38,0,PBL(온라인[사전제작]+오프라인),성균인성.리더십,인사캠
교양,GEDC010-16,성균논어,김정각,목15:00-15:50【50307】 목16:00-16:50【50307】,2,4.8,62,0,오프라인,성균인성.리더십,인사캠
교양,GEDC010-02,성균논어,유은주,월11:00-11:50【50307】 월12:00-12:50【50307】,2,4.85,35,0,"국제어수업, PBL(온라인[사전제작]+오프라인), 국제어(Chinese)",성균인성.리더십,인사캠
교양,GEDC010-04,성균논어,유은주,월15:00-15:50【50307】 월16:00-16:50【50307】,2,4.85,33,0,"국제어수업, PBL(온라인[사전제작]+오프라인), 국제어(Chinese)",성균인성.리더십,인사캠
교양,GEDC010-08,성균논어,금종현,화15:00-15:50【50307】 화16:00-16:50【50307】,2,4.18,23,0,오프라인,성균인성.리더십,인사캠
교양,GEDR014-04,실천리더십,고재석,월09:00-09:50【50319】 월10:00-10:50【50319】,2,2.86,26,0,PBL(온라인[사전제작]+오프라인),성균인성.리더십,인사캠
교양,GEDG042-01,고급비즈니스영어,다인리듬,화12:00-13:15【33306】 목13:30-14:45【33306】,2,3.36,63,0,"국제어수업, 오프라인",글로벌,인사캠
교양,GEDG028-01,고급영어쓰기,브리짓맥그레거,화13:30-14:45【31708】 목12:00-13:15【31708】,2,4.41,26,0,"국제어수업, 오프라인",글로벌,인사캠
교양,GEDG028-02,고급영어쓰기,레이하트만,월12:00-13:15【33210】 수13:30-14:45【33210】,2,3.54,14,0,"국제어수업, 오프라인",글로벌,인사캠
교양,GEDG006-01,과학영어,카트리나니콜,화13:30-14:45【31511】 목12:00-13:15【31511】,2,3.57,45,0,"국제어수업, 오프라인",글로벌,인사캠
교양,GEDG034-01,글로벌영어,에릭피게로아,화12:00-13:15【33304】 목13:30-14:45【33304】,2,3.4,34,0,"국제어수업, 오프라인",글로벌,인사캠
교양,GEDG038-01,뉴스와미디어의이해,숀매카시,화16:30-17:45【31511】 목15:00-16:15【31511】,2,4.81,89,0,"국제어수업, 오프라인",글로벌,인사캠
교양,GEDG038-02,뉴스와미디어의이해,토마스센트잔,월12:00-13:15【31704】 수13:30-14:45【31704】,2,5,84,0,"국제어수업, 오프라인",글로벌,인사캠
교양,GEDG007-01,문예영어,도널린졸슨,화13:30-14:45【31506】 목12:00-13:15【31506】,2,3.33,55,0,"국제어수업, 오프라인",글로벌,인사캠
교양,GEDG007-02,문예영어,다인리듬,월16:30-17:45【33303】 수15:00-16:15【33303】,2,3.85,71,0,"국제어수업, 오프라인",글로벌,인사캠
교양,GEDG007-03,문예영어,브리짓맥그레거,월13:30-14:45【31606】 수12:00-13:15【31606】,2,3.67,60,0,"국제어수업, 오프라인",글로벌,인사캠
교양,GEDG005-01,비즈니스영어,다니엘클리븐,화15:00-16:15【33304】 목16:30-17:45【33304】,2,3.39,53,0,"국제어수업, 오프라인",글로벌,인사캠
교양,GEDG005-02,비즈니스영어,모건뱁스트,월15:00-16:15【33304】 수16:30-17:45【33304】,2,3.3,37,0,"국제어수업, 오프라인",글로벌,인사캠
교양,GEDG026-01,스포츠영어,토마스센트잔,월13:30-14:45【31403】 수12:00-13:15【31403】,2,4.8,86,0,"국제어수업, 오프라인",글로벌,인사캠
교양,GEDG037-01,앙트레프레너십영어,토마스센트잔,월15:00-16:15【31709】 수16:30-17:45【31709】,2,4.78,68,0,"국제어수업, 오프라인",글로벌,인사캠
교양,GEDG037-02,앙트레프레너십영어,토마스센트잔,화12:00-13:15【31704】 목13:30-14:45【31704】,2,4.78,79,0,"국제어수업, 오프라인",글로벌,인사캠
교양,GEDG002-01,영어발표,도널린졸슨,화09:00-10:15【31506】 목10:30-11:45【31506】,2,3.62,13,0,"국제어수업, 오프라인",글로벌,인사캠
교양,GEDG002-03,영어발표,토마스센트잔,월09:00-10:15【31302】 수10:30-11:45【31302】,2,4.66,30,0,"국제어수업, 오프라인",글로벌,인사캠
교양,GEDG002-04,영어발표,토마스센트잔,월10:30-11:45【31302】 수09:00-10:15【31302】,2,4.67,32,0,"국제어수업, 오프라인",글로벌,인사캠
교양,GEDG002-05,영어발표,다인리듬,월12:00-13:15【33219】 수13:30-14:45【33219】,2,3.99,31,0,"국제어수업, 오프라인",글로벌,인사캠
교양,GEDG002-06,영어발표,다인리듬,월13:30-14:45【33219】 수12:00-13:15【33219】,2,3.98,31,0,"국제어수업, 오프라인",글로벌,인사캠
교양,GEDG002-07,영어발표,브리짓맥그레거,월09:00-10:15【31708】 수10:30-11:45【31708】,2,4.32,19,0,"국제어수업, 오프라인",글로벌,인사캠
교양,GEDG002-09,영어발표,브리짓맥그레거,월12:00-13:15【31708】 수13:30-14:45【31708】,2,4.32,25,0,"국제어수업, 오프라인",글로벌,인사캠
교양,GEDG002-10,영어발표,다니엘클리븐,화12:00-13:15【33218】 목13:30-14:45【33218】,2,3.41,24,0,"국제어수업, 오프라인",글로벌,인사캠
교양,GEDG002-11,영어발표,다니엘클리븐,화13:30-14:45【33218】 목12:00-13:15【33218】,2,3.41,27,0,"국제어수업, 오프라인",글로벌,인사캠
교양,GEDG002-12,영어발표,다니엘클리븐,화16:30-17:45【33218】 목15:00-16:15【33218】,2,3.43,20,0,"국제어수업, 오프라인",글로벌,인사캠
교양,GEDG002-14,영어발표,모건뱁스트,월13:30-14:45【33301】 수12:00-13:15【33301】,2,3.33,20,0,"국제어수업, 오프라인",글로벌,인사캠
교양,GEDG002-15,영어발표,모세스제프리알런,화09:00-10:15【33210】 목10:30-11:45【33210】,2,4.53,21,0,"국제어수업, 오프라인",글로벌,인사캠
교양,GEDG002-16,영어발표,토마스센트잔,화16:30-17:45【31709】 목15:00-16:15【31709】,2,4.67,33,0,"국제어수업, 오프라인",글로벌,인사캠
교양,GEDG002-19,영어발표,토마스센트잔,화15:00-16:15【31403】 목16:30-17:45【31403】,2,4.66,34,0,"국제어수업, 오프라인",글로벌,인사캠
교양,GEDG002-22,영어발표,에릭피게로아,화15:00-16:15【33212】 목16:30-17:45【33212】,2,3.74,7,0,"국제어수업, 오프라인",글로벌,인사캠
교양,GEDG002-24,영어발표,카트리나니콜,월10:30-11:45【31511】 수09:00-10:15【31511】,2,4.29,23,0,"국제어수업, 오프라인",글로벌,인사캠
교양,GEDG002-25,영어발표,카트리나니콜,월12:00-13:15【31511】 수13:30-14:45【31511】,2,4.27,30,0,"국제어수업, 오프라인",글로벌,인사캠
교양,GEDG001-01,영어쓰기,데이비드로버츠,월09:00-10:15【33201】 수10:30-11:45【33201】,2,4.8,23,0,"국제어수업, 오프라인",글로벌,인사캠
교양,GEDG001-02,영어쓰기,데이비드로버츠,월10:30-11:45【33201】 수09:00-10:15【33201】,2,4.8,24,0,"국제어수업, 오프라인",글로벌,인사캠
교양,GEDG001-03,영어쓰기,데이비드로버츠,월12:00-13:15【33201】 수13:30-14:45【33201】,2,4.8,25,0,"국제어수업, 오프라인",글로벌,인사캠
교양,GEDG001-04,영어쓰기,데이비드로버츠,화13:30-14:45【33201】 목12:00-13:15【33201】,2,4.8,27,0,"국제어수업, 오프라인",글로벌,인사캠
교양,GEDG001-05,영어쓰기,도널린졸슨,월09:00-10:15【31506】 수10:30-11:45【31506】,2,3.3,23,0,"국제어수업, 오프라인",글로벌,인사캠
교양,GEDG001-06,영어쓰기,도널린졸슨,월10:30-11:45【31506】 수09:00-10:15【31506】,2,3.37,19,0,"국제어수업, 오프라인",글로벌,인사캠
교양,GEDG001-07,영어쓰기,도널린졸슨,월12:00-13:15【31506】 수13:30-14:45【31506】,2,3.37,21,0,"국제어수업, 오프라인",글로벌,인사캠
교양,GEDG001-08,영어쓰기,토마스센트잔,화09:00-10:15【31702】 목10:30-11:45【31702】,2,4.45,24,0,"국제어수업, 오프라인",글로벌,인사캠
교양,GEDG001-09,영어쓰기,토마스센트잔,화10:30-11:45【31702】 목09:00-10:15【31702】,2,4.57,24,0,"국제어수업, 오프라인",글로벌,인사캠
교양,GEDG001-10,영어쓰기,토마스센트잔,화13:30-14:45【31607】 목12:00-13:15【31607】,2,4.57,24,0,"국제어수업, 오프라인",글로벌,인사캠
교양,GEDG001-11,영어쓰기,다인리듬,화13:30-14:45【33306】 목12:00-13:15【33306】,2,3.29,23,0,"국제어수업, 오프라인",글로벌,인사캠
교양,GEDG001-12,영어쓰기,다인리듬,화15:00-16:15【33201】 목16:30-17:45【33201】,2,3.29,22,0,"국제어수업, 오프라인",글로벌,인사캠
교양,GEDG001-13,영어쓰기,다인리듬,화16:30-17:45【33201】 목15:00-16:15【33201】,2,3.29,20,0,"국제어수업, 오프라인",글로벌,인사캠
교양,GEDG001-14,영어쓰기,브리짓맥그레거,화09:00-10:15【31708】 목10:30-11:45【31708】,2,4.18,22,0,"국제어수업, 오프라인",글로벌,인사캠
교양,GEDG001-15,영어쓰기,브리짓맥그레거,화10:30-11:45【31708】 목09:00-10:15【31708】,2,4.18,21,0,"국제어수업, 오프라인",글로벌,인사캠
교양,GEDG001-16,영어쓰기,브리짓맥그레거,화12:00-13:15【33503】 목13:30-14:45【33503】,2,4.18,22,0,"국제어수업, 오프라인",글로벌,인사캠
교양,GEDG001-17,영어쓰기,숀매카시,월13:30-14:45【31511】 수12:00-13:15【31511】,2,4.11,26,0,"국제어수업, 오프라인",글로벌,인사캠
교양,GEDG001-18,영어쓰기,숀매카시,월15:00-16:15【31511】 수16:30-17:45【31511】,2,4.11,24,0,"국제어수업, 오프라인",글로벌,인사캠
교양,GEDG001-19,영어쓰기,숀매카시,월16:30-17:45【31511】 수15:00-16:15【31511】,2,4.11,20,0,"국제어수업, 오프라인",글로벌,인사캠
교양,GEDG001-20,영어쓰기,숀매카시,화15:00-16:15【31511】 목16:30-17:45【31511】,2,4.11,26,0,"국제어수업, 오프라인",글로벌,인사캠
교양,GEDG001-21,영어쓰기,다니엘클리븐,월13:30-14:45【33218】 수12:00-13:15【33218】,2,3.58,23,0,"국제어수업, 오프라인",글로벌,인사캠
교양,GEDG001-22,영어쓰기,다니엘클리븐,월15:00-16:15【33218】 수16:30-17:45【33218】,2,3.58,22,0,"국제어수업, 오프라인",글로벌,인사캠
교양,GEDG001-23,영어쓰기,다니엘클리븐,월16:30-17:45【33218】 수15:00-16:15【33218】,2,3.57,21,0,"국제어수업, 오프라인",글로벌,인사캠
교양,GEDG001-24,영어쓰기,모건뱁스트,화12:00-13:15【33210】 목13:30-14:45【33210】,2,2.84,23,0,"국제어수업, 오프라인",글로벌,인사캠
교양,GEDG001-25,영어쓰기,모건뱁스트,화13:30-14:45【33210】 목12:00-13:15【33210】,2,2.84,23,0,"국제어수업, 오프라인",글로벌,인사캠
교양,GEDG001-26,영어쓰기,모건뱁스트,화15:00-16:15【33210】 목16:30-17:45【33210】,2,2.84,20,0,"국제어수업, 오프라인",글로벌,인사캠
교양,GEDG001-27,영어쓰기,모건뱁스트,화16:30-17:45【33210】 목15:00-16:15【33210】,2,2.84,22,0,"국제어수업, 오프라인",글로벌,인사캠
교양,GEDG001-28,영어쓰기,도널린졸슨,화12:00-13:15【31506】 목13:30-14:45【31506】,2,3.37,22,0,"국제어수업, 오프라인",글로벌,인사캠
교양,GEDG001-29,영어쓰기,다니엘클리븐,월12:00-13:15【33218】 수13:30-14:45【33218】,2,3.58,20,0,"국제어수업, 오프라인",글로벌,인사캠
교양,GEDG001-30,영어쓰기,숀매카시,월12:00-13:15【31707】 수13:30-14:45【31707】,2,4.11,25,0,"국제어수업, 오프라인",글로벌,인사캠
교양,GEDG001-31,영어쓰기,레이하트만,월13:30-14:45【33210】 수12:00-13:15【33210】,2,3.72,22,0,"국제어수업, 오프라인",글로벌,인사캠
교양,GEDG001-32,영어쓰기,레이하트만,화09:00-10:15【33218】 목10:30-11:45【33218】,2,3.72,22,0,"국제어수업, 오프라인",글로벌,인사캠
교양,GEDG001-33,영어쓰기,레이하트만,화10:30-11:45【33218】 목09:00-10:15【33218】,2,3.72,22,0,"국제어수업, 오프라인",글로벌,인사캠
교양,GEDG001-34,영어쓰기,레이하트만,화13:30-14:45【33304】 목12:00-13:15【33304】,2,3.72,22,0,"국제어수업, 오프라인",글로벌,인사캠
교양,GEDG001-35,영어쓰기,에릭피게로아,월13:30-14:45【33402】 수12:00-13:15【33402】,2,4.03,22,0,"국제어수업, 오프라인",글로벌,인사캠
교양,GEDG001-36,영어쓰기,에릭피게로아,월15:00-16:15【33212】 수16:30-17:45【33212】,2,4.03,21,0,"국제어수업, 오프라인",글로벌,인사캠
교양,GEDG001-37,영어쓰기,에릭피게로아,월16:30-17:45【33212】 수15:00-16:15【33212】,2,4.02,21,0,"국제어수업, 오프라인",글로벌,인사캠
교양,GEDG001-38,영어쓰기,에릭피게로아,화13:30-14:45【33212】 목12:00-13:15【33212】,2,4.02,21,0,"국제어수업, 오프라인",글로벌,인사캠
교양,GEDG001-39,영어쓰기,카트리나니콜,월09:00-10:15【31511】 수10:30-11:45【31511】,2,3.65,21,0,"국제어수업, 오프라인",글로벌,인사캠
교양,GEDG001-40,영어쓰기,카트리나니콜,화09:00-10:15【31511】 목10:30-11:45【31511】,2,3.65,21,0,"국제어수업, 오프라인",글로벌,인사캠
교양,GEDG001-A0,영어쓰기,카트리나니콜,화10:30-11:45【31511】 목09:00-10:15【31511】,2,3.65,25,0,"국제어수업, 오프라인",글로벌,인사캠
교양,GEDG029-01,영어토론,데이비드로버츠,화09:00-10:15【33201】 목10:30-11:45【33201】,2,4.58,27,0,"국제어수업, 오프라인",글로벌,인사캠
교양,GEDG029-02,영어토론,데이비드로버츠,화10:30-11:45【33201】 목09:00-10:15【33201】,2,4.59,26,0,"국제어수업, 오프라인",글로벌,인사캠
교양,GEDG029-04,영어토론,데이비드로버츠,화12:00-13:15【33201】 목13:30-14:45【33201】,2,4.58,30,0,"국제어수업, 오프라인",글로벌,인사캠
교양,GEDG029-05,영어토론,다인리듬,월15:00-16:15【33201】 수16:30-17:45【33201】,2,3.92,25,0,"국제어수업, 오프라인",글로벌,인사캠
교양,GEDG035-01,커리어영어,데이비드로버츠,월13:30-14:45【31406】 수12:00-13:15【31406】,2,4.58,75,0,"국제어수업, 오프라인",글로벌,인사캠
교양,GEDG002-26,영어발표,모세스제프리알런,월16:30-17:45【33406】 수15:00-16:15【33406】,2,4.53,28,0,"국제어수업, 오프라인",글로벌,인사캠
교양,GEDG002-27,영어발표,모세스제프리알런,화12:00-13:15【33406】 목13:30-14:45【33406】,2,4.53,30,0,"국제어수업, 오프라인",글로벌,인사캠
교양,GEDG002-28,영어발표,모세스제프리알런,화13:30-14:45【33406】 목12:00-13:15【33406】,2,4.4,25,0,"국제어수업, 오프라인",글로벌,인사캠
교양,GEDG002-29,영어발표,모세스제프리알런,화15:00-16:15【33405】 목16:30-17:45【33405】,2,4.53,27,0,"국제어수업, 오프라인",글로벌,인사캠
교양,GEDG002-30,영어발표,모세스제프리알런,화16:30-17:45【33405】 목15:00-16:15【33405】,2,4.53,26,0,"국제어수업, 오프라인",글로벌,인사캠
교양,GEDG001-A1,영어쓰기,모세스제프리알런,월12:00-13:15【33302】 수13:30-14:45【33302】,2,3.54,21,0,"국제어수업, 오프라인",글로벌,인사캠
교양,GEDG001-A2,영어쓰기,모세스제프리알런,월13:30-14:45【33303】 수12:00-13:15【33303】,2,3.54,24,0,"국제어수업, 오프라인",글로벌,인사캠
교양,GEDG001-A3,영어쓰기,모세스제프리알런,월15:00-16:15【33406】 수16:30-17:45【33406】,2,3.54,21,0,"국제어수업, 오프라인",글로벌,인사캠
교양,GEDG005-03,비즈니스영어,모건뱁스트,월12:00-13:15【33301】 수13:30-14:45【33301】,2,3.27,10,0,"국제어수업, 오프라인",글로벌,인사캠
교양,GEDW003-03,스피치와토론,백미숙,월12:00-13:15【50105】 수13:30-14:45【50105】,2,4.32,35,0,오프라인,의사소통,인사캠
교양,GEDW003-04,스피치와토론,백미숙,월13:30-14:45【50105】 수12:00-13:15【50105】,2,4.32,40,0,오프라인,의사소통,인사캠
교양,GEDW003-05,스피치와토론,정현숙,월15:00-16:15【50304】 수16:30-17:45【50304】,2,4.01,31,0,오프라인,의사소통,인사캠
교양,GEDW003-06,스피치와토론,정현숙,월16:30-17:45【50304】 수15:00-16:15【50304】,2,4.01,26,0,오프라인,의사소통,인사캠
교양,GEDW003-07,스피치와토론,이상철,화09:00-10:15【50105】 목10:30-11:45【50105】,2,3.85,31,0,오프라인,의사소통,인사캠
교양,GEDW003-09,스피치와토론,백미숙,화12:00-13:15【50105】 목13:30-14:45【50105】,2,4.32,33,0,오프라인,의사소통,인사캠
교양,GEDW003-10,스피치와토론,백미숙,화13:30-14:45【50105】 목12:00-13:15【50105】,2,4.32,34,0,오프라인,의사소통,인사캠
교양,GEDW003-11,스피치와토론,김소형,화15:00-16:15【61806】 목16:30-17:45【61806】,2,4.19,25,0,오프라인,의사소통,인사캠
교양,GEDW003-12,스피치와토론,이상철,화16:30-17:45【50104】 목15:00-16:15【50104】,2,3.85,22,0,오프라인,의사소통,인사캠
교양,GEDW003-13,스피치와토론,김진,월12:00-13:15【61605】 수13:30-14:45【61605】,2,4.08,33,0,오프라인,의사소통,인사캠
교양,GEDW003-14,스피치와토론,남궁덕,월13:30-14:45【33304】 수12:00-13:15【33304】,2,4.07,34,0,오프라인,의사소통,인사캠
교양,GEDW003-16,스피치와토론,김소형,화13:30-14:45【61605】 목12:00-13:15【61605】,2,4.19,27,0,오프라인,의사소통,인사캠
교양,GEDW003-17,스피치와토론,이명선,화15:00-16:15【33302】 목16:30-17:45【33302】,2,4.57,30,0,오프라인,의사소통,인사캠
교양,GEDW003-18,스피치와토론,주향은,화16:30-17:45【50411】 목15:00-16:15【50411】,2,5,34,0,오프라인,의사소통,인사캠
교양,GEDW005-01,시민법정토론,이상철,수09:00-10:15【50105】 수10:30-11:45【50105】,2,3.22,15,0,오프라인,의사소통,인사캠
교양,GEDW001-01,창의적글쓰기,남궁덕,월09:00-10:15【33506】 수10:30-11:45【33506】,2,3.6,33,0,오프라인,의사소통,인사캠
교양,GEDW001-07,창의적글쓰기,이봉범,화09:00-10:15【33506】 목10:30-11:45【33506】,2,4.32,34,0,오프라인,의사소통,인사캠
교양,GEDW001-08,창의적글쓰기,이봉범,화10:30-11:45【33506】 목09:00-10:15【33506】,2,4.32,35,0,오프라인,의사소통,인사캠
교양,GEDW001-09,창의적글쓰기,이봉범,화12:00-13:15【33219】 목13:30-14:45【33219】,2,4.32,48,0,오프라인,의사소통,인사캠
교양,GEDW001-10,창의적글쓰기,임경순,화13:30-14:45【61606】 목12:00-13:15【61606】,2,4.2,40,0,오프라인,의사소통,인사캠
교양,GEDW001-13,창의적글쓰기,조은정,월09:00-10:15【33219】 수10:30-11:45【33219】,2,4.74,40,0,오프라인,의사소통,인사캠
교양,GEDW001-15,창의적글쓰기,심선옥,월12:00-13:15【31408】 수13:30-14:45【31408】,2,3.88,35,0,오프라인,의사소통,인사캠
교양,GEDW001-16,창의적글쓰기,심선옥,월13:30-14:45【31408】 수12:00-13:15【31408】,2,3.88,37,0,오프라인,의사소통,인사캠
교양,GEDW001-23,창의적글쓰기,임경순,화15:00-16:15【31406】 목16:30-17:45【31406】,2,4.2,36,0,오프라인,의사소통,인사캠
교양,GEDW001-24,창의적글쓰기,임경순,화16:30-17:45【31403】 목15:00-16:15【31403】,2,4.2,35,0,오프라인,의사소통,인사캠
교양,GEDW002-01,학술적글쓰기,한기호,월09:00-10:15【50104】 수10:30-11:45【50104】,2,3.71,26,0,오프라인,의사소통,인사캠
교양,GEDW002-02,학술적글쓰기,이성준,월10:30-11:45【50415】 수09:00-10:15【50415】,2,4.31,38,0,오프라인,의사소통,인사캠
교양,GEDW002-03,학술적글쓰기,박정하,월12:00-13:15【50304】 수13:30-14:45【50304】,2,3.52,38,0,오프라인,의사소통,인사캠
교양,GEDW002-04,학술적글쓰기,현남숙,월13:30-14:45【31709】 수12:00-13:15【31709】,2,3.47,37,0,오프라인,의사소통,인사캠
교양,GEDW002-05,학술적글쓰기,한기호,월15:00-16:15【50104】 수16:30-17:45【50104】,2,3.71,28,0,오프라인,의사소통,인사캠
교양,GEDW002-06,학술적글쓰기,한기호,월16:30-17:45【50104】 수15:00-16:15【50104】,2,3.73,30,0,오프라인,의사소통,인사캠
교양,GEDW002-07,학술적글쓰기,강성화,화09:00-10:15【33406】 목10:30-11:45【33406】,2,4.03,40,0,오프라인,의사소통,인사캠
교양,GEDW002-08,학술적글쓰기,강성화,화10:30-11:45【33406】 목09:00-10:15【33406】,2,4.03,37,0,오프라인,의사소통,인사캠
교양,GEDW002-09,학술적글쓰기,김성희,화12:00-13:15【50423】 목13:30-14:45【50423】,2,3.44,32,0,오프라인,의사소통,인사캠
교양,GEDW002-10,학술적글쓰기,김성희,화13:30-14:45【50423】 목12:00-13:15【50423】,2,3.44,35,0,오프라인,의사소통,인사캠
교양,GEDW002-11,학술적글쓰기,전대석,화15:00-16:15【33218】 목16:30-17:45【33218】,2,3.78,37,0,오프라인,의사소통,인사캠
교양,GEDW002-12,학술적글쓰기,전대석,화16:30-17:45【33303】 목15:00-16:15【33303】,2,3.78,38,0,오프라인,의사소통,인사캠
교양,GEDW002-13,학술적글쓰기,이기백,월09:00-10:15【31608】 수10:30-11:45【31608】,2,3.78,36,0,오프라인,의사소통,인사캠
교양,GEDW002-14,학술적글쓰기,강성화,월10:30-11:45【31608】 수09:00-10:15【31608】,2,4.03,38,0,오프라인,의사소통,인사캠
교양,GEDW002-15,학술적글쓰기,현남숙,월12:00-13:15【31709】 수13:30-14:45【31709】,2,3.46,31,0,오프라인,의사소통,인사캠
교양,GEDW002-16,학술적글쓰기,강성화,월13:30-14:45【33406】 수12:00-13:15【33406】,2,4.03,49,0,오프라인,의사소통,인사캠
교양,GEDW002-17,학술적글쓰기,이기백,월15:00-16:15【33210】 수16:30-17:45【33210】,2,3.77,31,0,오프라인,의사소통,인사캠
교양,GEDW002-21,학술적글쓰기,이성준,화12:00-13:15【50412】 목13:30-14:45【50412】,2,4.31,44,0,오프라인,의사소통,인사캠
교양,GEDW001-21,창의적글쓰기,곽유석,화12:00-13:15【50306】 목13:30-14:45【50306】,2,4.7,41,0,오프라인,의사소통,인사캠
교양,GEDW002-22,학술적글쓰기,백송이,화13:30-14:45【50408】 목12:00-13:15【50408】,2,4.8,50,0,오프라인,의사소통,인사캠
교양,GEDW003-15,스피치와토론,이중석,화12:00-13:15【33303】 목13:30-14:45【33303】,2,4.05,28,0,오프라인,의사소통,인사캠
교양,GEDW001-02,창의적글쓰기,김성수,월10:30-11:45【50104】 수09:00-10:15【50104】,2,4.14,39,0,오프라인,의사소통,인사캠
교양,GEDW001-05,창의적글쓰기,김성수,월15:00-16:15【50105】 수16:30-17:45【50105】,2,4.14,43,0,오프라인,의사소통,인사캠
교양,GEDW001-06,창의적글쓰기,김성수,월16:30-17:45【50105】 수15:00-16:15【50105】,2,4.14,40,0,오프라인,의사소통,인사캠
교양,GEDW001-11,창의적글쓰기,김경훤,화15:00-16:15【50105】 목16:30-17:45【50105】,2,3.84,33,0,오프라인,의사소통,인사캠
교양,GEDW001-12,창의적글쓰기,김경훤,화16:30-17:45【50105】 목15:00-16:15【50105】,2,3.84,32,0,오프라인,의사소통,인사캠
교양,GEDW001-14,창의적글쓰기,최진석,월10:30-11:45【50306】 수09:00-10:15【50306】,2,3.71,30,0,오프라인,의사소통,인사캠
교양,GEDW001-19,창의적글쓰기,장유정,화09:00-10:15【50106】 목10:30-11:45【50106】,2,4.78,37,0,오프라인,의사소통,인사캠
교양,GEDW001-20,창의적글쓰기,장지영,화10:30-11:45【33210】 목09:00-10:15【33210】,2,3.56,31,0,오프라인,의사소통,인사캠
교양,GEDW001-22,창의적글쓰기,박지영,화13:30-14:45【50104】 목12:00-13:15【50104】,2,3.99,32,0,오프라인,의사소통,인사캠
교양,GEDW002-19,학술적글쓰기,이진숙,화09:00-10:15【31408】 목10:30-11:45【31408】,2,4.17,36,0,오프라인,의사소통,인사캠
교양,GEDW002-20,학술적글쓰기,이진숙,화10:30-11:45【31408】 목09:00-10:15【31408】,2,4.17,32,0,오프라인,의사소통,인사캠
교양,GEDW002-24,학술적글쓰기,김성희,화16:30-17:45【33304】 목15:00-16:15【33304】,2,3.44,30,0,오프라인,의사소통,인사캠
교양,GEDW001-17,창의적글쓰기,이경돈,월15:00-16:15【31506】 수16:30-17:45【31506】,2,3.62,30,0,오프라인,의사소통,인사캠
교양,GEDW003-02,스피치와토론,유희승,월10:30-11:45【50304】 수09:00-10:15【50304】,2,4.87,29,0,오프라인,의사소통,인사캠
교양,GEDW001-03,창의적글쓰기,김미란,월12:00-13:15【50305】 수13:30-14:45【50305】,2,4.11,35,0,오프라인,의사소통,인사캠
교양,GEDW001-04,창의적글쓰기,김미란,월13:30-14:45【50305】 수12:00-13:15【50305】,2,4.11,33,0,오프라인,의사소통,인사캠
교양,GEDW001-18,창의적글쓰기,이경돈,월16:30-17:45【31506】 수15:00-16:15【31506】,2,3.62,29,0,오프라인,의사소통,인사캠
교양,GEDW002-23,학술적글쓰기,이진숙,화15:00-16:15【33306】 목16:30-17:45【33306】,2,4.17,28,0,오프라인,의사소통,인사캠
교양,GEDT006-01,창의적사고,최인수,목15:00-15:50【9B217】 목16:00-16:50【9B217】,2,4.04,57,0,오프라인,창의,인사캠
교양,GEDI016-01,기초독어1,구영은,화12:00-13:15【31511】 목13:30-14:45【31511】,3,0,38,0,오프라인,인문사회과학/자연과학기반,인사캠
교양,GEDI016-02,기초독어1,백민아,화16:30-17:45【31408】 목15:00-16:15【31408】,3,5,42,0,PBL(온라인[사전제작]+오프라인),인문사회과학/자연과학기반,인사캠
교양,GEDI019-01,기초러시아어2,이스토미나일로나,월10:30-11:45【31606】【1.5h(ON)+1.5h(OFF)】,3,4.97,42,0,"국제어수업, 플립러닝(온라인[사전제작]+오프라인), 월10:30:오프라인수업, 수:온라인사전제작업로드(오프라인 수업없음)",인문사회과학/자연과학기반,인사캠
교양,GEDI020-01,기초일본어1,주미애,월09:00-10:15【31604】 수10:30-11:45【31604】,3,3.87,46,0,오프라인,인문사회과학/자연과학기반,인사캠
교양,GEDI014-03,기초중국어1,김연수,월12:00-13:15【31706】 수13:30-14:45【31706】,3,4.5,26,0,오프라인,인문사회과학/자연과학기반,인사캠
교양,GEDI014-04,기초중국어1,김보영,월13:30-14:45【31707】 수12:00-13:15【31707】,3,4.19,30,0,오프라인,인문사회과학/자연과학기반,인사캠
교양,GEDI015-01,기초중국어2,김선희,화13:30-14:45【31507】 목12:00-13:15【31507】,3,4.12,39,0,오프라인,인문사회과학/자연과학기반,인사캠
교양,GEDI012-02,기초프랑스어1,김영,목09:00-10:15【31606】【1.5h(ON)+1.5h(OFF)】,3,4.29,41,0,플립러닝(온라인[사전제작]+오프라인),인문사회과학/자연과학기반,인사캠
교양,GEDI013-01,기초프랑스어2,박규현,월15:00-16:15【31409】【1.5h(ON)+1.5h(OFF)】,3,3.9,44,0,플립러닝(온라인[사전제작]+오프라인),인문사회과학/자연과학기반,인사캠
교양,GEDI023-01,기초한문,김민학,월15:00-16:15【31405】 수16:30-17:45【31405】,3,4.63,44,0,오프라인,인문사회과학/자연과학기반,인사캠
교양,GEDI023-02,기초한문,전수경,월16:30-17:45【31405】 수15:00-16:15【31405】,3,4.2,36,0,PBL(온라인[사전제작]+오프라인),인문사회과학/자연과학기반,인사캠
교양,GEDI023-03,기초한문,조혁상,화15:00-16:15【31408】【1.5h(ON)+1.5h(OFF)】,3,3.5,7,0,플립러닝(온라인[사전제작]+오프라인),인문사회과학/자연과학기반,인사캠
교양,GEDI023-04,기초한문,서한석,화16:30-17:45【31405】 목15:00-16:15【31405】,3,5,52,0,오프라인,인문사회과학/자연과학기반,인사캠
교양,GEDI001-01,동양사상입문,김현미,화16:30-17:45【31508B】【1.5h(ON)+1.5h(OFF)】,3,0,12,0,플립러닝(온라인[사전제작]+오프라인),인문사회과학/자연과학기반,인사캠
교양,GEDI003-01,문학입문,정고은,월16:30-17:45【31406】 수15:00-16:15【31406】,3,4.4,69,0,오프라인,인문사회과학/자연과학기반,인사캠
교양,GEDB001-01,미분적분학1,설한국,금12:00-13:15【50412】 금13:30-14:45【50412】,3,4.18,58,0,오프라인,인문사회과학/자연과학기반,인사캠
교양,GEDI009-01,사회학입문,김연철,월16:30-17:45【61802】 수15:00-16:15【61802】,3,4.33,64,0,오프라인,인문사회과학/자연과학기반,인사캠
교양,GEDI009-02,사회학입문,이시윤,화13:30-14:45【61604】 목12:00-13:15【61604】,3,4.52,81,0,오프라인,인문사회과학/자연과학기반,인사캠
교양,GEDB018-01,생명과학2,김승철,금09:00-10:15【50412】 금10:30-11:45【50412】,3,4.52,19,0,"국제어수업, 오프라인",인문사회과학/자연과학기반,인사캠
교양,GEDB003-01,선형대수학,설한국,수09:00-10:15【50411】 수10:30-11:45【50411】,3,4.1,76,0,오프라인,인문사회과학/자연과학기반,인사캠
교양,GEDI008-02,심리학입문,김현지,화09:00-10:15【33527】 화10:30-11:45【33527】,3,3.56,33,0,오프라인,인문사회과학/자연과학기반,인사캠
교양,GEDI002-01,언어학입문,주경진,목13:30-14:45【31703】【1.5h(ON)+1.5h(OFF)】,3,3.68,15,0,플립러닝(온라인[사전제작]+오프라인),인문사회과학/자연과학기반,인사캠
교양,GEDI002-02,언어학입문,박희수,수09:00-09:50【31707】 수10:00-10:50【31707】【1h(ON)+2h(OFF)】,3,3.79,13,0,플립러닝(온라인[사전제작]+오프라인),인문사회과학/자연과학기반,인사캠
교양,GEDI004-02,역사학입문,오제연,월12:00-13:15【31604】 수13:30-14:45【31604】,3,4.8,91,0,오프라인,인문사회과학/자연과학기반,인사캠
교양,GEDI004-04,역사학입문,김헌기,화12:00-13:15【31406】 목13:30-14:45【31406】,3,4.53,41,0,오프라인,인문사회과학/자연과학기반,인사캠
교양,GEDI004-05,역사학입문,김진,화13:30-14:45【31406】 목12:00-13:15【31406】,3,4.66,86,0,오프라인,인문사회과학/자연과학기반,인사캠
교양,GEDI027-01,예술학입문,최효민,목09:00-10:15【61607】 목10:30-11:45【61607】,3,4.63,91,0,오프라인,인문사회과학/자연과학기반,인사캠
교양,GEDB007-01,이산수학,김장현,수10:30-11:45【31308】【1.5h(ON)+1.5h(OFF)】,3,0,25,0,플립러닝(온라인[사전제작]+오프라인),인문사회과학/자연과학기반,인사캠
교양,GEDB007-02,이산수학,윤상운,화13:30-14:45【50411】【1.5h(ON)+1.5h(OFF)】,3,4.55,77,0,플립러닝(온라인[사전제작]+오프라인),인문사회과학/자연과학기반,인사캠
교양,GEDB014-01,일반화학2,송창식,금09:00-10:15【31308】 금10:30-11:45【31308】,3,4.44,24,0,"국제어수업, 오프라인",인문사회과학/자연과학기반,인사캠
교양,GEDI007-01,정치학입문,권영승,금12:00-13:15【61607】 금13:30-14:45【61607】,3,4.57,32,0,오프라인,인문사회과학/자연과학기반,인사캠
교양,GEDI005-01,철학입문,이성준,화15:00-16:15【31705】 목16:30-17:45【31705】,3,4.41,81,0,오프라인,인문사회과학/자연과학기반,인사캠
교양,GEDI005-02,철학입문,문종만,화12:00-13:15【31705】 목13:30-14:45【31705】,3,4.29,68,0,오프라인,인문사회과학/자연과학기반,인사캠
교양,GEDB002-01,미분적분학2,조윤형,월13:30-14:45【미지정】 수12:00-13:15【미지정】,3,4.78,71,0,온라인[사전제작],인문사회과학/자연과학기반,인사캠
교양,GEDI005-04,철학입문,이찬우,월12:00-13:15【31606】 수13:30-14:45【31606】,3,0,5,0,"국제어수업, 오프라인",인문사회과학/자연과학기반,인사캠
교양,GEDI003-02,문학입문,조영란,금09:00-10:15【31406】 금10:30-11:45【31406】,3,4.3,43,0,"오프라인, 온오프라인 병행 가능",인문사회과학/자연과학기반,인사캠
교양,GEDI003-03,문학입문,성현경,월09:00-10:15【31703】 월10:30-11:45【31703】,3,4.6,73,0,오프라인,인문사회과학/자연과학기반,인사캠
교양,GEDI003-04,문학입문,이재은,화13:30-14:45【31604】 목12:00-13:15【31604】,3,0,36,0,오프라인,인문사회과학/자연과학기반,인사캠
교양,GEDI008-01,심리학입문,이경성,목09:00-10:15【61806】 목10:30-11:45【61806】,3,4.46,24,0,PBL(온라인[사전제작]+오프라인),인문사회과학/자연과학기반,인사캠
전공/전공핵심,DKL2007-01,고전시가의이해,정인숙,월13:30-14:45【31609】 수12:00-13:15【31609】,3,4.61,32,0,오프라인,인간/문화,인사캠
교양,GEDH102-01,노벨문학상과인문융합,홍성호,월16:30-17:45【미지정】 수15:00-16:15【미지정】,3,4.48,66,0,온라인[사전제작],인간/문화,인사캠
교양,GEDH097-01,다큐멘터리영화비평,박희태,월09:00-10:15【미지정】 월10:30-11:45【미지정】,3,4.91,76,0,온라인[사전제작],인간/문화,인사캠
전공/전공일반,GER3033-01,독일어권공연예술,이호성,월13:30-14:45【31508B】 수12:00-13:15【31508B】,3,4.43,23,0,오프라인,인간/문화,인사캠
전공/전공일반,COS3016-01,동서비교윤리학,성정홍,목18:00-19:15【31406】 목19:30-20:45【31406】,3,4.57,33,0,오프라인,인간/문화,인사캠
전공/전공일반,COS2047-01,디지털방법론으로보는한국문화와철학,안승우,화09:00-10:15【31605】 화10:30-11:45【31605】,3,0,24,0,PBL(온라인[사전제작]+오프라인),인간/문화,인사캠
교양,GEDH094-01,디지털시대의융합예술,박좌용,목09:00-10:15【61606】 목10:30-11:45【61606】,3,4.22,20,0,PBL(온라인[사전제작]+오프라인),인간/문화,인사캠
교양,GEDH012-01,러시아문화의이해,조준래,월09:00-10:15【31512】 월10:30-11:45【31512】,3,5,13,0,오프라인,인간/문화,인사캠
교양,GEDH101-01,명상과치유,손나리,금15:00-16:15【62402】 금16:30-17:45【62402】,3,0,21,0,PBL(온라인[사전제작]+오프라인),인간/문화,인사캠
교양,GEDH096-01,뮤지컬과오페라,전지성,수09:00-10:15【62603】 수10:30-11:45【62603】,3,4.67,58,0,오프라인,인간/문화,인사캠
교양,GEDH048-01,북유럽신화의이해,안상원,화13:30-14:45【31606】 목12:00-13:15【31606】,3,4.55,53,0,오프라인,인간/문화,인사캠
교양,GEDH099-01,예술과4차산업혁명,이혜민,화09:00-10:15【62603】 화10:30-11:45【62603】,3,4.8,62,0,오프라인,인간/문화,인사캠
교양,GEDH059-01,예술의말과생각,오종우,금15:00-16:15【31606】 금16:30-17:45【31606】,3,4.4,36,0,오프라인,인간/문화,인사캠
전공/전공핵심,PHL2012-01,예술철학,조정옥,수18:00-19:15【31406】【1.5h(ON)+1.5h(OFF)】,3,3.43,65,0,플립러닝(온라인[사전제작]+오프라인),인간/문화,인사캠
교양,GEDH113-01,유럽사회와문화,프랑크그뤼네르트,화10:30-11:45【31301】 목09:00-10:15【31301】,3,2.95,8,0,"국제어수업, 오프라인, 국제어(English)",인간/문화,인사캠
교양,GEDH018-01,음악의이해,윤현진,목10:30-11:45【61705】【1.5h(ON)+1.5h(OFF)】,3,4.27,71,0,플립러닝(온라인[사전제작]+오프라인),인간/문화,인사캠
교양,GEDH114-01,인도문명권의사상과문화,김종민,금09:00-10:15【31511】 금10:30-11:45【31511】,3,4.97,53,0,"국제어수업, 오프라인, 국제어(English)",인간/문화,인사캠
교양,GEDH058-01,인문학고전읽기,강희석,화12:00-13:15【31512】 목13:30-14:45【31512】,3,4.34,16,0,오프라인,인간/문화,인사캠
교양,GEDH053-01,종교와유럽문화,박규현,월12:00-13:15【31308】 수13:30-14:45【31308】,3,3.81,39,0,PBL(온라인[사전제작]+오프라인),인간/문화,인사캠
교양,GEDH052-01,죽음과문화,강희석,금12:00-13:15【31511】 금13:30-14:45【31511】,3,4.13,48,0,오프라인,인간/문화,인사캠
교양,GEDH009-01,중국문화의이해,권아린,화09:00-10:15【31406】 화10:30-11:45【31406】,3,0,24,0,오프라인,인간/문화,인사캠
교양,GEDH105-01,한국과중국,하원수,화15:00-16:15【31506】 목16:30-17:45【31506】,3,4.13,30,0,"PBL(온라인[사전제작]+오프라인), 11주까지 온-오프 겸용으로 진행하고, 12주 이후는 오프라인 수업",인간/문화,인사캠
교양,GEDH020-01,한국문화의이해,이혜린,월13:30-14:45【31706】 수12:00-13:15【31706】,3,0,16,0,오프라인,인간/문화,인사캠
교양,GEDH071-01,한국의문화유산과공간,임태승,수09:00-10:15【31704】 수10:30-11:45【31704】,3,4.37,52,0,"국제어수업, 오프라인",인간/문화,인사캠
교양,GEDH063-01,한자와한문의세계,이돈석,금15:00-16:15【50106】 금16:30-17:45【50106】,3,4.38,10,0,오프라인,인간/문화,인사캠
교양,GEDH068-01,동아시아의상호소통과한자문명,김영죽,화16:30-17:45【31409】【1.5h(ON)+1.5h(OFF)】,3,3.96,13,0,플립러닝(온라인[사전제작]+오프라인),인간/문화,인사캠
교양,GEDH025-01,아동의심리와교육,이하연,화09:00-10:15【61802】 화10:30-11:45【61802】,3,0,39,0,오프라인,인간/문화,인사캠
교양,GEDH022-01,성의심리학,김경아,월09:00-10:15【61604】 월10:30-11:45【61604】,3,0,11,0,오프라인,인간/문화,인사캠
교양,GEDH093-01,고전속의자유,박정하,수10:00-10:50【50310】 수11:00-11:50【50310】【1h(ON)+2h(OFF)】,3,3.77,8,0,플립러닝(온라인[사전제작]+오프라인),인간/문화,인사캠
교양,GEDS077-01,ESG의이해,정홍주,목09:00-09:50【33304】 목10:00-10:50【33304】【1h(ON)+2h(OFF)】,3,1.89,2,0,"국제어수업, 플립러닝(온라인[사전제작]+오프라인), 국제어(English)",사회/역사,인사캠
교양,GEDS068-01,고전속의정의,이전오,목09:00-10:15【61602】 목10:30-11:45【61602】,3,4.86,30,0,PBL(온라인[사전제작]+오프라인),사회/역사,인사캠
교양,GEDS092-01,동아시아역사와문화,다니엘종스베켄디크,화09:00-10:15【9B312】 목10:30-11:45【9B312】,3,3.95,1,0,"국제어수업, 오프라인, 국제어(English)",사회/역사,인사캠
교양,GEDS008-01,민주사회와행정,김지영,월16:30-17:45【62705】 수15:00-16:15【62705】,3,4.62,40,0,오프라인,사회/역사,인사캠
전공/전공핵심,PSD2002-01,비교정치론,권예소라,화09:00-10:15【61604】【1.5h(ON)+1.5h(OFF)】,3,4.44,44,0,"국제어수업, 플립러닝(온라인[사전제작]+오프라인)",사회/역사,인사캠
전공/전공일반,SOC2002-01,사회계층론,신아름,월09:00-10:15【61806】 월10:30-11:45【61806】,3,0,28,0,"오프라인, 강의저장 권장(단, 학생 출석인정하지 않음)",사회/역사,인사캠
교양,GEDS047-01,사회과학고전읽기,이전오,화09:00-10:15【61803】 화10:30-11:45【61803】,3,4.75,32,0,PBL(온라인[사전제작]+오프라인),사회/역사,인사캠
교양,GEDS055-01,세계사속의중국,황태연,화09:00-10:15【31607】 화10:30-11:45【31607】,3,4.54,39,0,"국제어수업, 오프라인",사회/역사,인사캠
교양,GEDS059-01,유교자본주의의이해,이주강,화16:30-17:45【31506】 목15:00-16:15【31506】,3,4,25,0,"PBL(온라인[사전제작]+오프라인), 화요일 온라인(사전녹화 영상)/목요일 오프라인 수업 진행",사회/역사,인사캠
전공/전공일반,HIS3022-01,유럽의정신생활사,김민철,화16:30-17:45【31306B】【1.5h(ON)+1.5h(OFF)】,3,4.04,19,0,플립러닝(온라인[사전제작]+오프라인),사회/역사,인사캠
교양,GEDS053-01,인간과토지의문명사,박은영,목10:30-11:45【33401】【1.5h(ON)+1.5h(OFF)】,3,4.56,16,0,플립러닝(온라인[사전제작]+오프라인),사회/역사,인사캠
전공/전공일반,HIS2008-01,일본의역사,최자명,화12:00-13:15【31503】 목13:30-14:45【31503】,3,3.53,9,0,PBL(온라인[사전제작]+오프라인),사회/역사,인사캠
교양,GEDS072-01,현대가족의이해,김성은,월09:00-10:15【61803】 월10:30-11:45【61803】,3,4.75,45,0,오프라인,사회/역사,인사캠
교양,GEDS084-01,현대국가의행정,이지형,월18:00-19:15【61802】 월19:30-20:45【61802】,3,4.8,67,0,오프라인,사회/역사,인사캠
교양,GEDS056-01,현대동아시아정치경제변동,다니엘종스베켄디크,화15:00-16:15【9B215】 목16:30-17:45【9B215】,3,3.12,5,0,"국제어수업, 오프라인",사회/역사,인사캠
교양,GEDS039-02,현대사회와법,이승현,금15:00-16:15【미지정】 금16:30-17:45【미지정】,3,4.34,81,0,온라인[사전제작],사회/역사,인사캠
교양,GEDS018-01,현대사회와복지,오혜은,목13:30-14:45【61803】【1.5h(ON)+1.5h(OFF)】,3,2,11,0,플립러닝(온라인[사전제작]+오프라인),사회/역사,인사캠
교양,GEDS015-01,현대사회와직업,박현주,월10:30-11:45【61802】【1.5h(ON)+1.5h(OFF)】,3,3.2,24,0,플립러닝(온라인[사전제작]+오프라인),사회/역사,인사캠
교양,GEDS016-01,현대사회의문제,박현주,월12:00-13:15【61802】【1.5h(ON)+1.5h(OFF)】,3,0,20,0,플립러닝(온라인[사전제작]+오프라인),사회/역사,인사캠
교양,GEDS031-01,현대중국사회와문화,김지훈,월15:00-16:15【33306】 수16:30-17:45【33306】,3,3.24,17,0,PBL(온라인[사전제작]+오프라인),사회/역사,인사캠
교양,GEDS057-01,현대한국정치의쟁점,장무후이,월10:30-11:45【31308】 수09:00-10:15【31308】,3,4.84,25,0,"국제어수업, 오프라인",사회/역사,인사캠
교양,GEDS085-01,국제갈등과뉴스보도,레이하트만,화12:00-13:15【33203】 목13:30-14:45【33203】,3,4.67,10,0,"국제어수업, 오프라인",사회/역사,인사캠
교양,GEDS086-01,글로벌시대의문화이해,유철,월09:00-10:15【90209】 월10:30-11:45【90209】,3,4.72,20,0,"국제어수업, 오프라인, 국제어(English)",사회/역사,인사캠
교양,GEDS004-01,동양의역사와문명,이평수,월16:30-17:45【31308】 수15:00-16:15【31308】,3,4.93,61,0,오프라인,사회/역사,인사캠
교양,GEDS074-01,미디어와윤리,박홍기,금12:00-13:15【31308】 금13:30-14:45【31308】,3,4.73,52,0,오프라인,사회/역사,인사캠
교양,GEDS020-01,북한경제의이해,임송,목18:00-19:15【31704】 목19:30-20:45【31704】,3,4.12,50,0,"오프라인, 18:00-19:15오프라인강의,19:30-20:45사전제작온라인",사회/역사,인사캠
교양,GEDS005-01,서양의역사와문명,이상동,목12:00-13:15【33503】【1.5h(ON)+1.5h(OFF)】,3,4.17,17,0,플립러닝(온라인[사전제작]+오프라인),사회/역사,인사캠
교양,GEDS063-01,소비와윤리,윤명애,금12:00-13:15【미지정】 금13:30-14:45【미지정】,3,4.4,48,0,온라인[사전제작],사회/역사,인사캠
교양,GEDS003-01,일상생활의역사,막스알텐호펜,화12:00-13:15【31508B】 목13:30-14:45【31508B】,3,0,7,0,"국제어수업, 오프라인",사회/역사,인사캠
교양,GEDS039-01,현대사회와법,성덕근,금09:00-10:15【미지정】 금10:30-11:45【미지정】,3,4.45,114,0,온라인[사전제작],사회/역사,인사캠
교양,GEDN041-01,과학기술과창업경영,정원국,금15:00-16:15【미지정】 금16:30-17:45【미지정】,3,3.65,17,0,온라인[사전제작],자연/과학/기술,인사캠
교양,GEDN014-01,생명과음식의과학,박기문,화18:00-19:15【31308】 화19:30-20:45【31308】,3,4.89,63,0,오프라인,자연/과학/기술,인사캠
교양,GEDN002-01,생태계와환경,김정하,수09:00-10:15【미지정】 수10:30-11:45【미지정】,3,3.91,30,0,온라인[사전제작],자연/과학/기술,인사캠
교양,GEDN017-01,암의과학,이충은,목10:30-11:45【31706】【1.5h(ON)+1.5h(OFF)】,3,3.68,16,0,"국제어수업, 플립러닝(온라인[사전제작]+오프라인)",자연/과학/기술,인사캠
교양,GEDN058-01,영화장르로서의사이언스픽션,민현준,수09:00-10:15【31606】 수10:30-11:45【31606】,3,4,26,0,"국제어수업, 오프라인, 국제어(English)",자연/과학/기술,인사캠
교양,GEDN054-01,근대과학의형성과동서양,김철호,금12:00-13:15【31409】 금13:30-14:45【31409】,3,0,9,0,"PBL(온라인[사전제작]+오프라인), 1시간반은 수업, 1시간반은 토론",자연/과학/기술,인사캠
기타,GELT041-02,FYE세미나II,윤지혜,금18:00-18:50【50106】,1,4.94,278,0,오프라인,.,인사캠
기타,GELT016-01,교양농구,변준석,월12:00-12:50【61808】 월13:00-13:50【61808】,1,5,24,0,오프라인,.,인사캠
기타,GELT027-01,교양스노우보드,조희태,수11:00-11:50【50317】 수12:00-12:50【50317】,1,4,8,0,오프라인,.,인사캠
기타,GELT028-01,교양스키,이지항,금15:00-15:50【61606】 금16:00-16:50【61606】,1,4.4,38,0,"오프라인, 집중수업",.,인사캠
기타,GELT028-02,교양스키,양승규,목13:00-13:50【61607】 목14:00-14:50【61607】,1,4.69,34,0,오프라인,.,인사캠
기타,GELT018-01,교양축구,김정찬,수09:00-09:50【61808】 수10:00-10:50【61808】,1,4.85,29,0,오프라인,.,인사캠
기타,GELT020-01,교양테니스,안신영,화11:00-11:50【61808】 화12:00-12:50【61808】,1,5,26,0,오프라인,.,인사캠
기타,GELT020-02,교양테니스,김홍재,금13:00-13:50【61808】 금14:00-14:50【61808】,1,4.54,28,0,오프라인,.,인사캠
기타,GELT002-01,글로벌문화체험세미나,데이비드로버츠,금12:00-12:50【33201】,1,4.98,18,0,"국제어수업, 오프라인",.,인사캠
기타,GELT002-05,글로벌문화체험세미나,토마스센트잔,금09:00-09:50【33210】,1,5,12,0,"국제어수업, 오프라인",.,인사캠
기타,GELT081-01,리더십과경영,차동옥,화15:00-16:15【33303】【0.5h(ON)+1.5h(OFF)】,2,4.03,59,0,플립러닝(온라인[사전제작]+오프라인),.,인사캠
기타,GELT079-01,메타버스비즈니스,노재범,수15:00-15:50【미지정】 수16:00-16:50【미지정】,1,4.85,98,0,온라인[사전제작],.,인사캠
기타,GELT071-01,분석과비판,홍지호,화13:00-13:50【50106】 화14:00-14:50【50106】,2,4.52,28,0,오프라인,.,인사캠
기타,GELT012-01,사회봉사론,정국인,목09:00-09:50【미지정】 목10:00-10:50【미지정】,1,4.68,67,0,온라인[사전제작],.,인사캠
기타,GELT012-02,사회봉사론,정국인,목11:00-11:50【미지정】 목12:00-12:50【미지정】,1,4.68,61,0,온라인[사전제작],.,인사캠
기타,GELT012-03,사회봉사론,정국인,목15:00-15:50【미지정】 목16:00-16:50【미지정】,1,4.68,89,0,온라인[사전제작],.,인사캠
기타,GELT001-01,성균프레시맨세미나,민무홍,목15:00-15:50【50318】,1,4.83,23,0,"오프라인, P/F 과목",.,인사캠
기타,GELT001-03,성균프레시맨세미나,박정하,수12:00-12:50【50304】,1,4.85,29,0,"오프라인, P/F 과목",.,인사캠
기타,GELT008-01,속기학,김미영,화13:00-13:50【61803】 화14:00-14:50【61803】,1,5,20,0,오프라인,.,인사캠
기타,GELT048-01,언어지문분석,박정하,월10:00-10:50【미지정】 월11:00-11:50【미지정】,1,4.77,96,0,온라인[사전제작],.,인사캠
기타,GELT014-01,예절교육및실습,김은정,화15:00-15:50【33406】 화16:00-16:50【33406】,1,0,22,0,오프라인,.,인사캠
기타,GELT049-01,추리논증방법,홍지호,월13:00-13:50【50104】 월14:00-14:50【50104】,1,4.63,42,0,오프라인,.,인사캠
기타,GELT024-01,교양요가,신원미,화13:00-13:50【50401】 화14:00-14:50【50401】,1,4.28,23,0,"오프라인, 실기실: 놀터(33B405)",.,인사캠
기타,GELT024-02,교양요가,신원미,목11:00-11:50【50317】 목12:00-12:50【50317】,1,4.28,19,0,"오프라인, 실기실: 놀터(33B405)",.,인사캠
기타,GELT045-01,교양소프트볼,차재혁,월14:00-14:50【61808】 월15:00-15:50【61808】,1,4.8,11,0,오프라인,.,인사캠
기타,GELT027-02,교양스노우보드,허동찬,화09:00-09:50【50306】 화10:00-10:50【50306】,1,4.47,33,0,오프라인,.,인사캠
기타,GELT077-01,창업과비즈니스모델,손영욱,수11:00-11:50【31609】,1,4.93,49,0,오프라인,.,인사캠
기타,GELT022-01,교양골프,원용석,수13:00-13:50【61808】 수14:00-14:50【61808】,1,3.09,13,0,오프라인,.,인사캠
기타,GELT023-02,교양댄스스포츠,이루지,금10:00-10:50【50308】 금11:00-11:50【50308】,1,4.61,9,0,"오프라인, 실기실: 수선관검도장",.,인사캠
기타,GELT041-01,FYE세미나II,박은영,금18:00-18:50【50104】,1,4.99,274,0,오프라인,.,인사캠
기타,GELT041-03,FYE세미나II,정순현,금18:00-18:50【50317】,1,4.93,255,0,오프라인,.,인사캠
기타,GELT092-01,마음건강의과학,송영매,수10:00-10:50【33306】 수11:00-11:50【33306】,2,0,57,0,PBL(온라인[사전제작]+오프라인),.,인사캠
기타,GELT063-01,새로운패러다임의취업/창업,최기호,화13:00-13:50【50319】 화14:00-14:50【50319】,2,4.44,11,0,오프라인,.,인사캠
기타,GELT001-04,성균프레시맨세미나,김재원,목16:00-16:50【20202】,1,0,8,0,"오프라인, P/F 과목",.,인사캠
기타,GELT055-01,창업실습2,임정모,화15:00-15:50【50317】 화16:00-16:50【50317】,2,4.73,17,0,오프라인,.,인사캠
기타,GELT042-01,실용금융,정호석,목11:00-11:50【31308】 목12:00-12:50【31308】,1,0,25,0,오프라인,.,인사캠
교직,CFTD103-01,교육과정,노진아,월15:00-16:15【50407】【0.5h(ON)+1.5h(OFF)】,2,4.77,34,0,플립러닝(온라인[사전제작]+오프라인),교직,인사캠
교직,CFTD005-01,교육방법및교육공학,금선영,목10:00-10:50【50415】 목11:00-11:50【50415】,2,5,32,0,PBL(온라인[사전제작]+오프라인),교직,인사캠
교직,CFTD005-02,교육방법및교육공학,금선영,목13:00-13:50【50304】 목14:00-14:50【50304】,2,5,32,0,PBL(온라인[사전제작]+오프라인),교직,인사캠
교직,CFTD002-01,교육사회,한수경,목18:00-18:50【50304】 목19:00-19:50【50304】,2,3.57,4,0,PBL(온라인[사전제작]+오프라인),교직,인사캠
교직,CFTD003-01,교육심리,김명숙,수14:00-14:50【50306】 수15:00-15:50【50306】,2,4.47,18,0,PBL(온라인[사전제작]+오프라인),교직,인사캠
교직,CFTD003-03,교육심리,최권,월18:00-18:50【50305】 월19:00-19:50【50305】,2,4.95,31,0,오프라인,교직,인사캠
교직,CFTD008-02,교육의역사철학적이해,김은우,화15:00-16:15【50411】【0.5h(ON)+1.5h(OFF)】,2,3.48,30,0,플립러닝(온라인[사전제작]+오프라인),교직,인사캠
교직,CFTD008-03,교육의역사철학적이해,이영주,목16:30-17:45【50411】【0.5h(ON)+1.5h(OFF)】,2,4.86,32,0,플립러닝(온라인[사전제작]+오프라인),교직,인사캠
교직,CFTD104-01,교육평가,박혜랑,수13:00-13:50【50106】 수14:00-14:50【50106】,2,4.14,27,0,오프라인,교직,인사캠
교직,CFTD104-02,교육평가,박혜랑,수15:00-15:50【50106】 수16:00-16:50【50106】,2,4.17,30,0,오프라인,교직,인사캠
교직,CFTD104-03,교육평가,황수진,목15:00-15:50【50415】 목16:00-16:50【50415】,2,4.5,31,0,오프라인,교직,인사캠
교직,CFTD094-01,교육학개론,한신일,목13:00-13:50【50317】 목14:00-14:50【50317】,2,4.42,19,0,"국제어수업, 오프라인",교직,인사캠
교직,CFTD094-02,교육학개론,임정연,목18:00-19:10【50308】【0.5h(ON)+1.5h(OFF)】,2,4,2,0,플립러닝(온라인[사전제작]+오프라인),교직,인사캠
교직,CFTD064-01,교육학교재연구및지도법,현성혜,목18:00-19:15【50411】 목19:30-20:45【50411】,3,4,25,0,PBL(온라인[사전제작]+오프라인),교직,인사캠
교직,CFTD006-01,교육행정및교육경영,한신일,화11:00-11:50【50317】 화12:00-12:50【50317】,2,3.64,25,0,오프라인,교직,인사캠
교직,CFTD006-02,교육행정및교육경영,한신일,목15:00-15:50【50523A】 목16:00-16:50【50523A】,2,3.64,9,0,PBL(온라인[사전제작]+오프라인),교직,인사캠
교직,CFTD122-02,교직실무,이선영,화11:00-11:50【50305】,1,3.91,28,0,오프라인,교직,인사캠
교직,CFTD122-03,교직실무,이선영,목09:00-09:50【50304】,1,3.91,15,0,오프라인,교직,인사캠
교직,CFTD122-04,교직실무,이선영,목11:00-11:50【50411】,1,3.91,32,0,오프라인,교직,인사캠
교직,CFTD042-01,국어교과교재연구및지도법,강남욱,화18:00-19:15【50306】 화19:30-20:45【50306】,3,0,9,0,PBL(온라인[사전제작]+오프라인),교직,인사캠
교직,CFTD084-01,국어교과논리논술,이영주,수18:00-19:10【50306】【0.5h(ON)+1.5h(OFF)】,2,4.5,10,0,플립러닝(온라인[사전제작]+오프라인),교직,인사캠
교직,CFTD041-01,도덕윤리교과교재연구및지도법,강성원,월15:00-16:15【50306】 월16:30-17:45【50306】,3,0,11,0,PBL(온라인[사전제작]+오프라인),교직,인사캠
교직,CFTD095-01,도덕윤리교과논리논술,박세원,목13:30-14:45【미지정】,2,0,4,0,"플립러닝(온라인[사전제작]+오프라인), 합반(50523A): 사회교과논리논술+도덕윤리교과논리논술",교직,인사캠
교직,CFTD123-01,디지털교육,안성진,화10:00-10:50【50317】,1,3.83,32,0,오프라인,교직,인사캠
교직,CFTD123-02,디지털교육,안성진,목10:00-10:50【50317】,1,3.89,34,0,오프라인,교직,인사캠
교직,CFTD070-01,미술교과교재연구및지도법,이송하,목12:00-13:15【50401】 목13:30-14:45【50401】,3,5,4,0,"PBL(온라인[사전제작]+오프라인), 합반(50401): 미술교과교재연구및지도법+디자인공예교과교재연구및지도법",교직,인사캠
교직,CFTD108-01,사회교과교재연구및지도법,서향희,금12:00-13:15【50310】 금13:30-14:45【50310】,3,1.4,8,0,PBL(온라인[사전제작]+오프라인),교직,인사캠
교직,CFTD088-01,사회교과논리논술,박세원,목13:30-14:45【50523A】【0.5h(ON)+1.5h(OFF)】,2,0,11,0,"플립러닝(온라인[사전제작]+오프라인), 합반(50523A): 사회교과논리논술+도덕윤리교과논리논술",교직,인사캠
교직,CFTD052-01,상업정보교과교재연구및지도법,강성원,수09:00-10:15【50401】 수10:30-11:45【50401】,3,0,1,0,"PBL(온라인[사전제작]+오프라인), 합반(50401): 상업정보교과교재연구및지도법+연극영화교과교재연구및지도법",교직,인사캠
교직,CFTD082-01,상업정보교과논리논술,임경희,금18:00-18:50【50415】 금19:00-19:50【50415】,2,3.83,15,0,PBL(온라인[사전제작]+오프라인),교직,인사캠
교직,CFTD120-01,상업정보교수법,서향희,금18:00-18:50【50105】 금19:00-19:50【50105】,2,0,1,0,PBL(온라인[사전제작]+오프라인),교직,인사캠
교직,CFTD054-01,수학교과교재연구및지도법,한선영,수18:00-19:15【50415】【1.5h(ON)+1.5h(OFF)】,3,0,2,0,플립러닝(온라인[사전제작]+오프라인),교직,인사캠
교직,CFTD081-01,수학교과논리논술,이장주,목18:00-18:50【50415】 목19:00-19:50【50415】,2,4.13,14,0,PBL(온라인[사전제작]+오프라인),교직,인사캠
교직,CFTD049-01,역사교과교재연구및지도법,김현숙,금15:00-16:15【50523A】 금16:30-17:45【50523A】,3,3,5,0,PBL(온라인[사전제작]+오프라인),교직,인사캠
교직,CFTD043-01,영어교과교재연구및지도법,정지영,목09:00-10:15【미지정】 목10:30-11:45【미지정】,3,0,16,0,"국제어수업, 온라인[사전제작]",교직,인사캠
교직,CFTD085-01,영어교과논리논술,김은우,목18:00-19:10【50401】【0.5h(ON)+1.5h(OFF)】,2,0,2,0,"플립러닝(온라인[사전제작]+오프라인), 합반(50401): 영어교과논리논술/중국어교과논리논술/외국어교과논리논술",교직,인사캠
교직,CFTD093-01,특수교육학개론,권승희,화13:00-13:50【50304】 화14:00-14:50【50304】,2,4.56,30,0,오프라인,교직,인사캠
교직,CFTD093-02,특수교육학개론,심성용,수13:00-13:50【50104】 수14:00-14:50【50104】,2,4.19,8,0,오프라인,교직,인사캠
교직,CFTD093-03,특수교육학개론,심성용,수15:00-15:50【50305】 수16:00-16:50【50305】,2,4.19,8,0,오프라인,교직,인사캠
교직,CFTD093-04,특수교육학개론,김선영,목14:00-14:50【50305】 목15:00-15:50【50305】,2,0,9,0,오프라인,교직,인사캠
교직,CFTD119-03,학교폭력예방및학생의이해,이화정,화15:00-15:50【50401】 화16:00-16:50【50401】,2,4.67,29,0,오프라인,교직,인사캠
교직,CFTD048-01,한문교과교재연구및지도법,정효영,수18:00-18:50【50305】 수19:00-19:50【50305】【1h(ON)+2h(OFF)】,3,0,27,0,플립러닝(온라인[사전제작]+오프라인),교직,인사캠
교직,CFTD080-01,한문교과논리논술,임영걸,월18:00-18:50【50408】 월19:00-19:50【50408】,2,0,17,0,오프라인,교직,인사캠
교직,CFTD065-01,한문교재연구및지도법,김영주,화09:00-10:15【50408】 화10:30-11:45【50408】,3,3.9,14,0,오프라인,교직,인사캠
교직,CFTD045-01,중국어교과교재연구및지도법,조은정,월18:00-19:15【50310】 월19:30-20:45【50310】,3,0,0,0,오프라인,교직,인사캠
교직,CFTD121-01,교육실습2,한선영,월18:00-19:15【50310】 월19:30-20:45【50310】,3,0,2,0,학교현장실습학기제 참가 수학교육과 실습생만 수강신청 가능,교직,인사캠
교직,CFTD119-01,학교폭력예방및학생의이해,양정호,수18:00-18:50【50318】 수19:00-19:50【50318】,2,4.17,16,0,"PBL(온라인[사전제작]+오프라인), 공동강의 예정",교직,인사캠
교직,CFTD119-04,학교폭력예방및학생의이해,권승희,화18:00-18:50【50106】 화19:00-19:50【50106】,2,0,19,0,오프라인,교직,인사캠
DS,DASA002-01,AI캡스톤프로젝트,김장현,화09:00-10:15【50304】 화10:30-11:45【50304】,3,4.77,31,0,PBL(온라인[사전제작]+오프라인),DS,인사캠
DS,DASA001-01,머신러닝의기초,오하영,월12:00-13:15【9B313】【1.5h(ON)+1.5h(OFF)】,3,3.75,25,0,플립러닝(온라인[사전제작]+오프라인),DS,인사캠
