교양,GEDC010-41,성균논어,김단영,월12:00-13:15【51356】【0.5h(ON)+1.5h(OFF)】,2,4.57,54,0,"플립러닝(온라인[사전제작]+오프라인), ABEEK",성균인성.리더십,자과캠
교양,GEDC010-42,성균논어,김미라,월13:00-13:50【51205】 월14:00-14:50【51205】,2,4.59,56,0,"PBL(온라인[사전제작]+오프라인), ABEEK",성균인성.리더십,자과캠
교양,GEDC010-43,성균논어,이원준,화11:00-11:50【51205】 화12:00-12:50【51205】,2,4.68,50,0,"오프라인, ABEEK",성균인성.리더십,자과캠
교양,GEDC010-44,성균논어,임선영,화13:00-13:50【51205】 화14:00-14:50【51205】,2,4.23,15,0,"PBL(온라인[사전제작]+오프라인), ABEEK",성균인성.리더십,자과캠
교양,GEDC010-45,성균논어,정연수,화15:00-15:50【26504】 화16:00-16:50【26504】,2,4.37,48,0,"PBL(온라인[사전제작]+오프라인), ABEEK",성균인성.리더십,자과캠
교양,GEDC010-46,성균논어,김종석,수11:00-11:50【51205】 수12:00-12:50【51205】,2,4.72,50,0,"PBL(온라인[사전제작]+오프라인), ABEEK",성균인성.리더십,자과캠
교양,GEDC010-47,성균논어,김종석,수13:00-13:50【51205】 수14:00-14:50【51205】,2,4.73,60,0,"PBL(온라인[사전제작]+오프라인), ABEEK",성균인성.리더십,자과캠
교양,GEDC010-48,성균논어,이수빈,수15:00-15:50【51205】 수16:00-16:50【51205】,2,0,25,0,"PBL(온라인[사전제작]+오프라인), ABEEK",성균인성.리더십,자과캠
교양,GEDC010-49,성균논어,주용성,목09:00-09:50【51205】 목10:00-10:50【51205】,2,4.78,27,0,"오프라인, ABEEK",성균인성.리더십,자과캠
교양,GEDC010-52,성균논어,김미라,월15:00-15:50【51205】 월16:00-16:50【51205】,2,4.59,56,0,"PBL(온라인[사전제작]+오프라인), ABEEK",성균인성.리더십,자과캠
교양,GEDR014-41,실천리더십,이창규,월11:00-11:50【85702】 월12:00-12:50【85702】,2,4.94,42,0,"오프라인, ABEEK",성균인성.리더십,자과캠
교양,GEDR014-42,실천리더십,윤민향,목13:00-13:50【26504】 목14:00-14:50【26504】,2,5,41,0,"PBL(온라인[사전제작]+오프라인), ABEEK",성균인성.리더십,자과캠
교양,GEDR014-43,실천리더십,윤민향,목15:00-15:50【26504】 목16:00-16:50【26504】,2,5,41,0,"PBL(온라인[사전제작]+오프라인), ABEEK",성균인성.리더십,자과캠
교양,GEDC010-50,성균논어,임종수,목11:00-11:50【51205】 목12:00-12:50【51205】,2,4.65,43,0,"오프라인, ABEEK",성균인성.리더십,자과캠
교양,GEDR014-44,실천리더십,홍현희,수11:00-11:50【85702】 수12:00-12:50【85702】,2,4.91,33,0,"PBL(온라인[사전제작]+오프라인), ABEEK",성균인성.리더십,자과캠
교양,GEDG028-41,고급영어쓰기,매튜심슨,월15:00-16:15【27517】 수16:30-17:45【27517】,2,3.11,18,0,"국제어수업, 오프라인, ABEEK",글로벌,자과캠
교양,GEDG006-41,과학영어,킴찰스바넷,화09:00-10:15【27515】 목10:30-11:45【27515】,2,4.59,82,0,"국제어수업, 오프라인, ABEEK",글로벌,자과캠
교양,GEDG034-41,글로벌영어,저스틴바라스,화10:30-11:45【26505】 목09:00-10:15【26505】,2,4.18,55,0,"국제어수업, 오프라인, ABEEK",글로벌,자과캠
교양,GEDG034-42,글로벌영어,저스틴바라스,화09:00-10:15【26505】 목10:30-11:45【26505】,2,4.18,68,0,"국제어수업, 오프라인, ABEEK",글로벌,자과캠
교양,GEDG007-41,문예영어,브라이언라파타,월13:30-14:45【26504】 수12:00-13:15【26504】,2,4.38,64,0,"국제어수업, 오프라인, ABEEK",글로벌,자과캠
교양,GEDG005-41,비즈니스영어,죠나단펠란,월15:00-16:15【26508】 수16:30-17:45【26508】,2,4.59,70,0,"국제어수업, 오프라인, ABEEK",글로벌,자과캠
교양,GEDG005-42,비즈니스영어,죠나단펠란,월16:30-17:45【26508】 수15:00-16:15【26508】,2,4.67,65,0,"국제어수업, 오프라인, ABEEK",글로벌,자과캠
교양,GEDG041-41,아카데믹영어청취,윌리암히슬롭,월12:00-13:15【26508】 수13:30-14:45【26508】,2,5,81,0,"국제어수업, 오프라인",글로벌,자과캠
교양,GEDG037-41,앙트레프레너십영어,매튜심슨,화13:30-14:45【85713】 목12:00-13:15【85713】,2,0,56,0,"국제어수업, 오프라인, ABEEK",글로벌,자과캠
교양,GEDG037-42,앙트레프레너십영어,매튜심슨,화12:00-13:15【85713】 목13:30-14:45【85713】,2,0,45,0,"국제어수업, 오프라인, ABEEK",글로벌,자과캠
교양,GEDG002-41,영어발표,매튜아담,화09:00-10:15【27423】 목10:30-11:45【27423】,2,3.63,40,0,"국제어수업, 오프라인, ABEEK",글로벌,자과캠
교양,GEDG002-43,영어발표,나다니엘애쉬만,월12:00-13:15【26117】 수13:30-14:45【26117】,2,4.53,60,0,"국제어수업, 오프라인, ABEEK",글로벌,자과캠
교양,GEDG002-44,영어발표,저스틴바라스,화15:00-16:15【51209】 목16:30-17:45【51209】,2,4.57,53,0,"국제어수업, 오프라인, ABEEK",글로벌,자과캠
교양,GEDG002-45,영어발표,저스틴바라스,화16:30-17:45【51209】 목15:00-16:15【51209】,2,4.57,46,0,"국제어수업, 오프라인, ABEEK",글로벌,자과캠
교양,GEDG002-46,영어발표,닉헤이즈,월15:00-16:15【27423】 수16:30-17:45【27423】,2,4.06,43,0,"국제어수업, 오프라인, ABEEK",글로벌,자과캠
교양,GEDG002-47,영어발표,닉헤이즈,월16:30-17:45【27423】 수15:00-16:15【27423】,2,4.06,48,0,"국제어수업, 오프라인, ABEEK",글로벌,자과캠
교양,GEDG002-48,영어발표,제프리라츠,화16:30-17:45【26117】 목15:00-16:15【26117】,2,4.75,55,0,"국제어수업, 오프라인, ABEEK",글로벌,자과캠
교양,GEDG002-49,영어발표,매튜심슨,화09:00-10:15【27517】 목10:30-11:45【27517】,2,3.92,34,0,"국제어수업, 오프라인, ABEEK",글로벌,자과캠
교양,GEDG002-50,영어발표,매튜심슨,화10:30-11:45【27517】 목09:00-10:15【27517】,2,3.92,35,0,"국제어수업, 오프라인, ABEEK",글로벌,자과캠
교양,GEDG002-51,영어발표,윌리암히슬롭,월13:30-14:45【26508】 수12:00-13:15【26508】,2,4.64,60,0,"국제어수업, 오프라인, ABEEK",글로벌,자과캠
교양,GEDG001-41,영어쓰기,매튜아담,월09:00-10:15【27423】 수10:30-11:45【27423】,2,4.25,22,0,"국제어수업, 오프라인, ABEEK",글로벌,자과캠
교양,GEDG001-42,영어쓰기,매튜아담,월10:30-11:45【27423】 수09:00-10:15【27423】,2,4.25,25,0,"국제어수업, 오프라인, ABEEK",글로벌,자과캠
교양,GEDG001-43,영어쓰기,매튜아담,월12:00-13:15【27423】 수13:30-14:45【27423】,2,4.25,21,0,"국제어수업, 오프라인, ABEEK",글로벌,자과캠
교양,GEDG001-44,영어쓰기,매튜아담,월13:30-14:45【27423】 수12:00-13:15【27423】,2,4.25,21,0,"국제어수업, 오프라인, ABEEK",글로벌,자과캠
교양,GEDG001-45,영어쓰기,나다니엘애쉬만,월09:00-10:15【26117】 수10:30-11:45【26117】,2,4.33,17,0,"국제어수업, 오프라인, ABEEK",글로벌,자과캠
교양,GEDG001-46,영어쓰기,나다니엘애쉬만,월10:30-11:45【26117】 수09:00-10:15【26117】,2,4.33,20,0,"국제어수업, 오프라인, ABEEK",글로벌,자과캠
교양,GEDG001-47,영어쓰기,나다니엘애쉬만,화09:00-10:15【26117】 목10:30-11:45【26117】,2,4.34,23,0,"국제어수업, 오프라인, ABEEK",글로벌,자과캠
교양,GEDG001-48,영어쓰기,나다니엘애쉬만,화10:30-11:45【26117】 목09:00-10:15【26117】,2,4.33,22,0,"국제어수업, 오프라인, ABEEK",글로벌,자과캠
교양,GEDG001-49,영어쓰기,킴찰스바넷,월09:00-10:15【27515】 수10:30-11:45【27515】,2,4.68,24,0,"국제어수업, 오프라인, ABEEK",글로벌,자과캠
교양,GEDG001-50,영어쓰기,킴찰스바넷,월10:30-11:45【27515】 수09:00-10:15【27515】,2,4.68,19,0,"국제어수업, 오프라인, ABEEK",글로벌,자과캠
교양,GEDG001-51,영어쓰기,킴찰스바넷,월12:00-13:15【27515】 수13:30-14:45【27515】,2,4.68,23,0,"국제어수업, 오프라인, ABEEK",글로벌,자과캠
교양,GEDG001-52,영어쓰기,킴찰스바넷,월13:30-14:45【27515】 수12:00-13:15【27515】,2,4.68,25,0,"국제어수업, 오프라인, ABEEK",글로벌,자과캠
교양,GEDG001-53,영어쓰기,킴찰스바넷,화10:30-11:45【27515】 목09:00-10:15【27515】,2,4.68,22,0,"국제어수업, 오프라인, ABEEK",글로벌,자과캠
교양,GEDG001-54,영어쓰기,저스틴바라스,월09:00-10:15【51209】 수10:30-11:45【51209】,2,4.72,22,0,"국제어수업, 오프라인, ABEEK",글로벌,자과캠
교양,GEDG001-55,영어쓰기,저스틴바라스,월10:30-11:45【51209】 수09:00-10:15【51209】,2,4.72,19,0,"국제어수업, 오프라인, ABEEK",글로벌,자과캠
교양,GEDG001-56,영어쓰기,저스틴바라스,월12:00-13:15【51209】 수13:30-14:45【51209】,2,4.72,23,0,"국제어수업, 오프라인, ABEEK",글로벌,자과캠
교양,GEDG001-57,영어쓰기,저스틴바라스,월13:30-14:45【51209】 수12:00-13:15【51209】,2,4.72,20,0,"국제어수업, 오프라인, ABEEK",글로벌,자과캠
교양,GEDG001-58,영어쓰기,닉헤이즈,화12:00-13:15【27423】 목13:30-14:45【27423】,2,4.17,22,0,"국제어수업, 오프라인, ABEEK",글로벌,자과캠
교양,GEDG001-59,영어쓰기,닉헤이즈,화13:30-14:45【27423】 목12:00-13:15【27423】,2,4.17,20,0,"국제어수업, 오프라인, ABEEK",글로벌,자과캠
교양,GEDG001-60,영어쓰기,닉헤이즈,화15:00-16:15【27423】 목16:30-17:45【27423】,2,4.17,19,0,"국제어수업, 오프라인, ABEEK",글로벌,자과캠
교양,GEDG001-61,영어쓰기,닉헤이즈,화16:30-17:45【27423】 목15:00-16:15【27423】,2,4.17,20,0,"국제어수업, 오프라인, ABEEK",글로벌,자과캠
교양,GEDG001-62,영어쓰기,대런호간,월09:00-10:15【26506】 수10:30-11:45【26506】,2,4.05,22,0,"국제어수업, 오프라인, ABEEK",글로벌,자과캠
교양,GEDG001-63,영어쓰기,대런호간,월10:30-11:45【26506】 수09:00-10:15【26506】,2,4.05,19,0,"국제어수업, 오프라인, ABEEK",글로벌,자과캠
교양,GEDG001-64,영어쓰기,대런호간,월12:00-13:15【26506】 수13:30-14:45【26506】,2,4.05,21,0,"국제어수업, 오프라인, ABEEK",글로벌,자과캠
교양,GEDG001-65,영어쓰기,대런호간,월13:30-14:45【26506】 수12:00-13:15【26506】,2,4.05,22,0,"국제어수업, 오프라인, ABEEK",글로벌,자과캠
교양,GEDG001-66,영어쓰기,대런호간,월15:00-16:15【26506】 수16:30-17:45【26506】,2,4.05,20,0,"국제어수업, 오프라인, ABEEK",글로벌,자과캠
교양,GEDG001-67,영어쓰기,윌리암히슬롭,월09:00-10:15【26508】 수10:30-11:45【26508】,2,4.86,20,0,"국제어수업, 오프라인, ABEEK",글로벌,자과캠
교양,GEDG001-68,영어쓰기,윌리암히슬롭,월10:30-11:45【26508】 수09:00-10:15【26508】,2,4.86,23,0,"국제어수업, 오프라인, ABEEK",글로벌,자과캠
교양,GEDG001-69,영어쓰기,윌리암히슬롭,화09:00-10:15【26508】 목10:30-11:45【26508】,2,4.86,21,0,"국제어수업, 오프라인, ABEEK",글로벌,자과캠
교양,GEDG001-70,영어쓰기,윌리암히슬롭,화10:30-11:45【26508】 목09:00-10:15【26508】,2,4.86,23,0,"국제어수업, 오프라인, ABEEK",글로벌,자과캠
교양,GEDG001-71,영어쓰기,죠나단펠란,화12:00-13:15【26508】 목13:30-14:45【26508】,2,4.84,22,0,"국제어수업, 오프라인, ABEEK",글로벌,자과캠
교양,GEDG001-72,영어쓰기,죠나단펠란,화13:30-14:45【26508】 목12:00-13:15【26508】,2,4.84,24,0,"국제어수업, 오프라인, ABEEK",글로벌,자과캠
교양,GEDG001-73,영어쓰기,죠나단펠란,화15:00-16:15【26508】 목16:30-17:45【26508】,2,4.84,24,0,"국제어수업, 오프라인, ABEEK",글로벌,자과캠
교양,GEDG001-74,영어쓰기,죠나단펠란,화16:30-17:45【26508】 목15:00-16:15【26508】,2,4.84,18,0,"국제어수업, 오프라인, ABEEK",글로벌,자과캠
교양,GEDG001-75,영어쓰기,브라이언라파타,월09:00-10:15【23114】 수10:30-11:45【23114】,2,4.53,19,0,"국제어수업, 오프라인, ABEEK",글로벌,자과캠
교양,GEDG001-76,영어쓰기,브라이언라파타,월10:30-11:45【23114】 수09:00-10:15【23114】,2,4.53,22,0,"국제어수업, 오프라인, ABEEK",글로벌,자과캠
교양,GEDG001-77,영어쓰기,브라이언라파타,화09:00-10:15【23114】 목10:30-11:45【23114】,2,4.53,21,0,"국제어수업, 오프라인, ABEEK",글로벌,자과캠
교양,GEDG001-78,영어쓰기,브라이언라파타,화10:30-11:45【23114】 목09:00-10:15【23114】,2,4.53,21,0,"국제어수업, 오프라인, ABEEK",글로벌,자과캠
교양,GEDG001-79,영어쓰기,제프리라츠,월13:30-14:45【26117】 수12:00-13:15【26117】,2,4.72,21,0,"국제어수업, 오프라인, ABEEK",글로벌,자과캠
교양,GEDG001-80,영어쓰기,제프리라츠,월15:00-16:15【26117】 수16:30-17:45【26117】,2,4.72,23,0,"국제어수업, 오프라인, ABEEK",글로벌,자과캠
교양,GEDG001-K0,영어쓰기,제프리라츠,월16:30-17:45【26117】 수15:00-16:15【26117】,2,4.72,22,0,"국제어수업, 오프라인, ABEEK",글로벌,자과캠
교양,GEDG001-K1,영어쓰기,제프리라츠,화15:00-16:15【26117】 목16:30-17:45【26117】,2,4.72,18,0,"국제어수업, 오프라인, ABEEK",글로벌,자과캠
교양,GEDG001-K2,영어쓰기,매튜심슨,월09:00-10:15【27517】 수10:30-11:45【27517】,2,4.43,21,0,"국제어수업, 오프라인, ABEEK",글로벌,자과캠
교양,GEDG001-K3,영어쓰기,매튜심슨,월10:30-11:45【27517】 수09:00-10:15【27517】,2,4.43,19,0,"국제어수업, 오프라인, ABEEK",글로벌,자과캠
교양,GEDG001-K4,영어쓰기,매튜심슨,월12:00-13:15【27517】 수13:30-14:45【27517】,2,4.43,22,0,"국제어수업, 오프라인, ABEEK",글로벌,자과캠
교양,GEDG001-K5,영어쓰기,매튜심슨,월13:30-14:45【27517】 수12:00-13:15【27517】,2,4.44,20,0,"국제어수업, 오프라인, ABEEK",글로벌,자과캠
교양,GEDG029-41,영어토론,저스틴바라스,화12:00-13:15【51209】 목13:30-14:45【51209】,2,4.73,27,0,"국제어수업, 오프라인, ABEEK",글로벌,자과캠
교양,GEDG029-42,영어토론,저스틴바라스,화13:30-14:45【51209】 목12:00-13:15【51209】,2,4.72,31,0,"국제어수업, 오프라인, ABEEK",글로벌,자과캠
교양,GEDG029-43,영어토론,죠나단펠란,월12:00-13:15【26509】 수13:30-14:45【26509】,2,4.71,36,0,"국제어수업, 오프라인, ABEEK",글로벌,자과캠
교양,GEDG029-44,영어토론,죠나단펠란,월13:30-14:45【26509】 수12:00-13:15【26509】,2,4.71,30,0,"국제어수업, 오프라인, ABEEK",글로벌,자과캠
교양,GEDG035-41,커리어영어,대런호간,화10:30-11:45【26506】 목09:00-10:15【26506】,2,4,36,0,"국제어수업, 오프라인, ABEEK",글로벌,자과캠
교양,GEDG035-42,커리어영어,대런호간,화09:00-10:15【26506】 목10:30-11:45【26506】,2,4.02,28,0,"국제어수업, 오프라인, ABEEK",글로벌,자과캠
교양,GEDG002-52,영어발표,대런호간,화12:00-13:15【26506】 목13:30-14:45【26506】,2,4.12,41,0,"국제어수업, 오프라인, ABEEK",글로벌,자과캠
교양,GEDG002-53,영어발표,대런호간,화13:30-14:45【26506】 목12:00-13:15【26506】,2,4.12,43,0,"국제어수업, 오프라인, ABEEK",글로벌,자과캠
교양,GEDG002-55,영어발표,매튜아담,화10:30-11:45【27423】 목09:00-10:15【27423】,2,3.63,14,0,"국제어수업, 오프라인, ABEEK",글로벌,자과캠
교양,GEDG006-42,과학영어,킴찰스바넷,화12:00-13:15【27515】 목13:30-14:45【27515】,2,4.55,58,0,"국제어수업, 오프라인, ABEEK",글로벌,자과캠
교양,GEDG006-43,과학영어,킴찰스바넷,화13:30-14:45【27515】 목12:00-13:15【27515】,2,4.55,60,0,"국제어수업, 오프라인, ABEEK",글로벌,자과캠
교양,GEDG007-42,문예영어,브라이언라파타,금12:00-13:15【51306】 금13:30-14:45【51306】,2,4.38,10,0,"국제어수업, 오프라인, ABEEK",글로벌,자과캠
교양,GEDG002-58,영어발표,닉헤이즈,월13:30-14:45【27425】 수12:00-13:15【27425】,2,4.06,30,0,"국제어수업, 오프라인, ABEEK",글로벌,자과캠
교양,GEDG028-41,고급영어쓰기,매튜심슨,월15:00-16:15【27517】 수16:30-17:45【27517】,2,3.11,18,0,"국제어수업, 오프라인, ABEEK",글로벌,자과캠
교양,GEDG006-41,과학영어,킴찰스바넷,화09:00-10:15【27515】 목10:30-11:45【27515】,2,4.59,82,0,"국제어수업, 오프라인, ABEEK",글로벌,자과캠
교양,GEDG034-41,글로벌영어,저스틴바라스,화10:30-11:45【26505】 목09:00-10:15【26505】,2,4.18,55,0,"국제어수업, 오프라인, ABEEK",글로벌,자과캠
교양,GEDG034-42,글로벌영어,저스틴바라스,화09:00-10:15【26505】 목10:30-11:45【26505】,2,4.18,68,0,"국제어수업, 오프라인, ABEEK",글로벌,자과캠
교양,GEDG007-41,문예영어,브라이언라파타,월13:30-14:45【26504】 수12:00-13:15【26504】,2,4.38,64,0,"국제어수업, 오프라인, ABEEK",글로벌,자과캠
교양,GEDG005-41,비즈니스영어,죠나단펠란,월15:00-16:15【26508】 수16:30-17:45【26508】,2,4.59,70,0,"국제어수업, 오프라인, ABEEK",글로벌,자과캠
교양,GEDG005-42,비즈니스영어,죠나단펠란,월16:30-17:45【26508】 수15:00-16:15【26508】,2,4.67,65,0,"국제어수업, 오프라인, ABEEK",글로벌,자과캠
교양,GEDG041-41,아카데믹영어청취,윌리암히슬롭,월12:00-13:15【26508】 수13:30-14:45【26508】,2,5,81,0,"국제어수업, 오프라인",글로벌,자과캠
교양,GEDG037-41,앙트레프레너십영어,매튜심슨,화13:30-14:45【85713】 목12:00-13:15【85713】,2,0,56,0,"국제어수업, 오프라인, ABEEK",글로벌,자과캠
교양,GEDG037-42,앙트레프레너십영어,매튜심슨,화12:00-13:15【85713】 목13:30-14:45【85713】,2,0,45,0,"국제어수업, 오프라인, ABEEK",글로벌,자과캠
교양,GEDG002-41,영어발표,매튜아담,화09:00-10:15【27423】 목10:30-11:45【27423】,2,3.63,40,0,"국제어수업, 오프라인, ABEEK",글로벌,자과캠
교양,GEDG002-43,영어발표,나다니엘애쉬만,월12:00-13:15【26117】 수13:30-14:45【26117】,2,4.53,60,0,"국제어수업, 오프라인, ABEEK",글로벌,자과캠
교양,GEDG002-44,영어발표,저스틴바라스,화15:00-16:15【51209】 목16:30-17:45【51209】,2,4.57,53,0,"국제어수업, 오프라인, ABEEK",글로벌,자과캠
교양,GEDG002-45,영어발표,저스틴바라스,화16:30-17:45【51209】 목15:00-16:15【51209】,2,4.57,46,0,"국제어수업, 오프라인, ABEEK",글로벌,자과캠
교양,GEDG002-46,영어발표,닉헤이즈,월15:00-16:15【27423】 수16:30-17:45【27423】,2,4.06,43,0,"국제어수업, 오프라인, ABEEK",글로벌,자과캠
교양,GEDG002-47,영어발표,닉헤이즈,월16:30-17:45【27423】 수15:00-16:15【27423】,2,4.06,48,0,"국제어수업, 오프라인, ABEEK",글로벌,자과캠
교양,GEDG002-48,영어발표,제프리라츠,화16:30-17:45【26117】 목15:00-16:15【26117】,2,4.75,55,0,"국제어수업, 오프라인, ABEEK",글로벌,자과캠
교양,GEDG002-49,영어발표,매튜심슨,화09:00-10:15【27517】 목10:30-11:45【27517】,2,3.92,34,0,"국제어수업, 오프라인, ABEEK",글로벌,자과캠
교양,GEDG002-50,영어발표,매튜심슨,화10:30-11:45【27517】 목09:00-10:15【27517】,2,3.92,35,0,"국제어수업, 오프라인, ABEEK",글로벌,자과캠
교양,GEDG002-51,영어발표,윌리암히슬롭,월13:30-14:45【26508】 수12:00-13:15【26508】,2,4.64,60,0,"국제어수업, 오프라인, ABEEK",글로벌,자과캠
교양,GEDG001-41,영어쓰기,매튜아담,월09:00-10:15【27423】 수10:30-11:45【27423】,2,4.25,22,0,"국제어수업, 오프라인, ABEEK",글로벌,자과캠
교양,GEDG001-42,영어쓰기,매튜아담,월10:30-11:45【27423】 수09:00-10:15【27423】,2,4.25,25,0,"국제어수업, 오프라인, ABEEK",글로벌,자과캠
교양,GEDG001-43,영어쓰기,매튜아담,월12:00-13:15【27423】 수13:30-14:45【27423】,2,4.25,21,0,"국제어수업, 오프라인, ABEEK",글로벌,자과캠
교양,GEDG001-44,영어쓰기,매튜아담,월13:30-14:45【27423】 수12:00-13:15【27423】,2,4.25,21,0,"국제어수업, 오프라인, ABEEK",글로벌,자과캠
교양,GEDG001-45,영어쓰기,나다니엘애쉬만,월09:00-10:15【26117】 수10:30-11:45【26117】,2,4.33,17,0,"국제어수업, 오프라인, ABEEK",글로벌,자과캠
교양,GEDG001-46,영어쓰기,나다니엘애쉬만,월10:30-11:45【26117】 수09:00-10:15【26117】,2,4.33,20,0,"국제어수업, 오프라인, ABEEK",글로벌,자과캠
교양,GEDG001-47,영어쓰기,나다니엘애쉬만,화09:00-10:15【26117】 목10:30-11:45【26117】,2,4.34,23,0,"국제어수업, 오프라인, ABEEK",글로벌,자과캠
교양,GEDG001-48,영어쓰기,나다니엘애쉬만,화10:30-11:45【26117】 목09:00-10:15【26117】,2,4.33,22,0,"국제어수업, 오프라인, ABEEK",글로벌,자과캠
교양,GEDG001-49,영어쓰기,킴찰스바넷,월09:00-10:15【27515】 수10:30-11:45【27515】,2,4.68,24,0,"국제어수업, 오프라인, ABEEK",글로벌,자과캠
교양,GEDG001-50,영어쓰기,킴찰스바넷,월10:30-11:45【27515】 수09:00-10:15【27515】,2,4.68,19,0,"국제어수업, 오프라인, ABEEK",글로벌,자과캠
교양,GEDG001-51,영어쓰기,킴찰스바넷,월12:00-13:15【27515】 수13:30-14:45【27515】,2,4.68,23,0,"국제어수업, 오프라인, ABEEK",글로벌,자과캠
교양,GEDG001-52,영어쓰기,킴찰스바넷,월13:30-14:45【27515】 수12:00-13:15【27515】,2,4.68,25,0,"국제어수업, 오프라인, ABEEK",글로벌,자과캠
교양,GEDG001-53,영어쓰기,킴찰스바넷,화10:30-11:45【27515】 목09:00-10:15【27515】,2,4.68,22,0,"국제어수업, 오프라인, ABEEK",글로벌,자과캠
교양,GEDG001-54,영어쓰기,저스틴바라스,월09:00-10:15【51209】 수10:30-11:45【51209】,2,4.72,22,0,"국제어수업, 오프라인, ABEEK",글로벌,자과캠
교양,GEDG001-55,영어쓰기,저스틴바라스,월10:30-11:45【51209】 수09:00-10:15【51209】,2,4.72,19,0,"국제어수업, 오프라인, ABEEK",글로벌,자과캠
교양,GEDG001-56,영어쓰기,저스틴바라스,월12:00-13:15【51209】 수13:30-14:45【51209】,2,4.72,23,0,"국제어수업, 오프라인, ABEEK",글로벌,자과캠
교양,GEDG001-57,영어쓰기,저스틴바라스,월13:30-14:45【51209】 수12:00-13:15【51209】,2,4.72,20,0,"국제어수업, 오프라인, ABEEK",글로벌,자과캠
교양,GEDG001-58,영어쓰기,닉헤이즈,화12:00-13:15【27423】 목13:30-14:45【27423】,2,4.17,22,0,"국제어수업, 오프라인, ABEEK",글로벌,자과캠
교양,GEDG001-59,영어쓰기,닉헤이즈,화13:30-14:45【27423】 목12:00-13:15【27423】,2,4.17,20,0,"국제어수업, 오프라인, ABEEK",글로벌,자과캠
교양,GEDG001-60,영어쓰기,닉헤이즈,화15:00-16:15【27423】 목16:30-17:45【27423】,2,4.17,19,0,"국제어수업, 오프라인, ABEEK",글로벌,자과캠
교양,GEDG001-61,영어쓰기,닉헤이즈,화16:30-17:45【27423】 목15:00-16:15【27423】,2,4.17,20,0,"국제어수업, 오프라인, ABEEK",글로벌,자과캠
교양,GEDG001-62,영어쓰기,대런호간,월09:00-10:15【26506】 수10:30-11:45【26506】,2,4.05,22,0,"국제어수업, 오프라인, ABEEK",글로벌,자과캠
교양,GEDG001-63,영어쓰기,대런호간,월10:30-11:45【26506】 수09:00-10:15【26506】,2,4.05,19,0,"국제어수업, 오프라인, ABEEK",글로벌,자과캠
교양,GEDG001-64,영어쓰기,대런호간,월12:00-13:15【26506】 수13:30-14:45【26506】,2,4.05,21,0,"국제어수업, 오프라인, ABEEK",글로벌,자과캠
교양,GEDG001-65,영어쓰기,대런호간,월13:30-14:45【26506】 수12:00-13:15【26506】,2,4.05,22,0,"국제어수업, 오프라인, ABEEK",글로벌,자과캠
교양,GEDG001-66,영어쓰기,대런호간,월15:00-16:15【26506】 수16:30-17:45【26506】,2,4.05,20,0,"국제어수업, 오프라인, ABEEK",글로벌,자과캠
교양,GEDG001-67,영어쓰기,윌리암히슬롭,월09:00-10:15【26508】 수10:30-11:45【26508】,2,4.86,20,0,"국제어수업, 오프라인, ABEEK",글로벌,자과캠
교양,GEDG001-68,영어쓰기,윌리암히슬롭,월10:30-11:45【26508】 수09:00-10:15【26508】,2,4.86,23,0,"국제어수업, 오프라인, ABEEK",글로벌,자과캠
교양,GEDG001-69,영어쓰기,윌리암히슬롭,화09:00-10:15【26508】 목10:30-11:45【26508】,2,4.86,21,0,"국제어수업, 오프라인, ABEEK",글로벌,자과캠
교양,GEDG001-70,영어쓰기,윌리암히슬롭,화10:30-11:45【26508】 목09:00-10:15【26508】,2,4.86,23,0,"국제어수업, 오프라인, ABEEK",글로벌,자과캠
교양,GEDG001-71,영어쓰기,죠나단펠란,화12:00-13:15【26508】 목13:30-14:45【26508】,2,4.84,22,0,"국제어수업, 오프라인, ABEEK",글로벌,자과캠
교양,GEDG001-72,영어쓰기,죠나단펠란,화13:30-14:45【26508】 목12:00-13:15【26508】,2,4.84,24,0,"국제어수업, 오프라인, ABEEK",글로벌,자과캠
교양,GEDG001-73,영어쓰기,죠나단펠란,화15:00-16:15【26508】 목16:30-17:45【26508】,2,4.84,24,0,"국제어수업, 오프라인, ABEEK",글로벌,자과캠
교양,GEDG001-74,영어쓰기,죠나단펠란,화16:30-17:45【26508】 목15:00-16:15【26508】,2,4.84,18,0,"국제어수업, 오프라인, ABEEK",글로벌,자과캠
교양,GEDG001-75,영어쓰기,브라이언라파타,월09:00-10:15【23114】 수10:30-11:45【23114】,2,4.53,19,0,"국제어수업, 오프라인, ABEEK",글로벌,자과캠
교양,GEDG001-76,영어쓰기,브라이언라파타,월10:30-11:45【23114】 수09:00-10:15【23114】,2,4.53,22,0,"국제어수업, 오프라인, ABEEK",글로벌,자과캠
교양,GEDG001-77,영어쓰기,브라이언라파타,화09:00-10:15【23114】 목10:30-11:45【23114】,2,4.53,21,0,"국제어수업, 오프라인, ABEEK",글로벌,자과캠
교양,GEDG001-78,영어쓰기,브라이언라파타,화10:30-11:45【23114】 목09:00-10:15【23114】,2,4.53,21,0,"국제어수업, 오프라인, ABEEK",글로벌,자과캠
교양,GEDG001-79,영어쓰기,제프리라츠,월13:30-14:45【26117】 수12:00-13:15【26117】,2,4.72,21,0,"국제어수업, 오프라인, ABEEK",글로벌,자과캠
교양,GEDG001-80,영어쓰기,제프리라츠,월15:00-16:15【26117】 수16:30-17:45【26117】,2,4.72,23,0,"국제어수업, 오프라인, ABEEK",글로벌,자과캠
교양,GEDG001-K0,영어쓰기,제프리라츠,월16:30-17:45【26117】 수15:00-16:15【26117】,2,4.72,22,0,"국제어수업, 오프라인, ABEEK",글로벌,자과캠
교양,GEDG001-K1,영어쓰기,제프리라츠,화15:00-16:15【26117】 목16:30-17:45【26117】,2,4.72,18,0,"국제어수업, 오프라인, ABEEK",글로벌,자과캠
교양,GEDG001-K2,영어쓰기,매튜심슨,월09:00-10:15【27517】 수10:30-11:45【27517】,2,4.43,21,0,"국제어수업, 오프라인, ABEEK",글로벌,자과캠
교양,GEDG001-K3,영어쓰기,매튜심슨,월10:30-11:45【27517】 수09:00-10:15【27517】,2,4.43,19,0,"국제어수업, 오프라인, ABEEK",글로벌,자과캠
교양,GEDG001-K4,영어쓰기,매튜심슨,월12:00-13:15【27517】 수13:30-14:45【27517】,2,4.43,22,0,"국제어수업, 오프라인, ABEEK",글로벌,자과캠
교양,GEDG001-K5,영어쓰기,매튜심슨,월13:30-14:45【27517】 수12:00-13:15【27517】,2,4.44,20,0,"국제어수업, 오프라인, ABEEK",글로벌,자과캠
교양,GEDG029-41,영어토론,저스틴바라스,화12:00-13:15【51209】 목13:30-14:45【51209】,2,4.73,27,0,"국제어수업, 오프라인, ABEEK",글로벌,자과캠
교양,GEDG029-42,영어토론,저스틴바라스,화13:30-14:45【51209】 목12:00-13:15【51209】,2,4.72,31,0,"국제어수업, 오프라인, ABEEK",글로벌,자과캠
교양,GEDG029-43,영어토론,죠나단펠란,월12:00-13:15【26509】 수13:30-14:45【26509】,2,4.71,36,0,"국제어수업, 오프라인, ABEEK",글로벌,자과캠
교양,GEDG029-44,영어토론,죠나단펠란,월13:30-14:45【26509】 수12:00-13:15【26509】,2,4.71,30,0,"국제어수업, 오프라인, ABEEK",글로벌,자과캠
교양,GEDG035-41,커리어영어,대런호간,화10:30-11:45【26506】 목09:00-10:15【26506】,2,4,36,0,"국제어수업, 오프라인, ABEEK",글로벌,자과캠
교양,GEDG035-42,커리어영어,대런호간,화09:00-10:15【26506】 목10:30-11:45【26506】,2,4.02,28,0,"국제어수업, 오프라인, ABEEK",글로벌,자과캠
교양,GEDG002-52,영어발표,대런호간,화12:00-13:15【26506】 목13:30-14:45【26506】,2,4.12,41,0,"국제어수업, 오프라인, ABEEK",글로벌,자과캠
교양,GEDG002-53,영어발표,대런호간,화13:30-14:45【26506】 목12:00-13:15【26506】,2,4.12,43,0,"국제어수업, 오프라인, ABEEK",글로벌,자과캠
교양,GEDG002-55,영어발표,매튜아담,화10:30-11:45【27423】 목09:00-10:15【27423】,2,3.63,14,0,"국제어수업, 오프라인, ABEEK",글로벌,자과캠
교양,GEDG006-42,과학영어,킴찰스바넷,화12:00-13:15【27515】 목13:30-14:45【27515】,2,4.55,58,0,"국제어수업, 오프라인, ABEEK",글로벌,자과캠
교양,GEDG006-43,과학영어,킴찰스바넷,화13:30-14:45【27515】 목12:00-13:15【27515】,2,4.55,60,0,"국제어수업, 오프라인, ABEEK",글로벌,자과캠
교양,GEDG007-42,문예영어,브라이언라파타,금12:00-13:15【51306】 금13:30-14:45【51306】,2,4.38,10,0,"국제어수업, 오프라인, ABEEK",글로벌,자과캠
교양,GEDG002-58,영어발표,닉헤이즈,월13:30-14:45【27425】 수12:00-13:15【27425】,2,4.06,30,0,"국제어수업, 오프라인, ABEEK",글로벌,자과캠
교양,GEDW004-41,과학기술글쓰기,박상태,수10:30-11:45【51356】【1.5h(ON)+1.5h(OFF)】,2,3.98,31,0,"플립러닝(온라인[사전제작]+오프라인), ABEEK",의사소통,자과캠
교양,GEDW004-42,과학기술글쓰기,박상태,수09:00-10:15【51356】【1.5h(ON)+1.5h(OFF)】,2,3.98,29,0,"플립러닝(온라인[사전제작]+오프라인), ABEEK",의사소통,자과캠
교양,GEDW004-45,과학기술글쓰기,박상태,수15:00-16:15【51356】【1.5h(ON)+1.5h(OFF)】,2,3.98,33,0,"플립러닝(온라인[사전제작]+오프라인), ABEEK",의사소통,자과캠
교양,GEDW004-46,과학기술글쓰기,이아름,목10:30-11:45【23113】【1.5h(ON)+1.5h(OFF)】,2,4.54,34,0,"플립러닝(온라인[사전제작]+오프라인), ABEEK",의사소통,자과캠
교양,GEDW004-47,과학기술글쓰기,이아름,화10:30-11:45【23113】【1.5h(ON)+1.5h(OFF)】,2,4.54,33,0,"플립러닝(온라인[사전제작]+오프라인), ABEEK",의사소통,자과캠
교양,GEDW004-50,과학기술글쓰기,노상도,화15:00-16:15【26506】 목16:30-17:45【26506】,2,4.43,39,0,"오프라인, ABEEK",의사소통,자과캠
교양,GEDW004-52,과학기술글쓰기,전현희,목15:00-16:15【51356】【1.5h(ON)+1.5h(OFF)】,2,3.08,30,0,"플립러닝(온라인[사전제작]+오프라인), ABEEK",의사소통,자과캠
교양,GEDW003-45,스피치와토론,신동진,월15:00-16:15【51207】 수16:30-17:45【51207】,2,3.76,37,0,"오프라인, ABEEK",의사소통,자과캠
교양,GEDW003-46,스피치와토론,신동진,월16:30-17:45【51207】 수15:00-16:15【51207】,2,3.76,33,0,"오프라인, ABEEK",의사소통,자과캠
교양,GEDW003-49,스피치와토론,전영란,화12:00-13:15【51207】 목13:30-14:45【51207】,2,4.27,34,0,"오프라인, ABEEK",의사소통,자과캠
교양,GEDW003-50,스피치와토론,전영란,화13:30-14:45【51207】 목12:00-13:15【51207】,2,4.27,36,0,"오프라인, ABEEK",의사소통,자과캠
교양,GEDW003-51,스피치와토론,우상수,화15:00-16:15【51207】 목16:30-17:45【51207】,2,4.63,37,0,"오프라인, ABEEK",의사소통,자과캠
교양,GEDW003-52,스피치와토론,우상수,화16:30-17:45【51207】 목15:00-16:15【51207】,2,4.63,39,0,"오프라인, ABEEK",의사소통,자과캠
교양,GEDW003-53,스피치와토론,한성일,화12:00-13:15【61306】 목13:30-14:45【61306】,2,3.98,32,0,"오프라인, ABEEK",의사소통,자과캠
교양,GEDW003-54,스피치와토론,한성일,화13:30-14:45【61306】 목12:00-13:15【61306】,2,3.98,32,0,"오프라인, ABEEK",의사소통,자과캠
교양,GEDW002-41,학술적글쓰기,김주일,월09:00-10:15【51318】 수10:30-11:45【51318】,2,3.33,30,0,"오프라인, ABEEK",의사소통,자과캠
교양,GEDW002-42,학술적글쓰기,김주일,월10:30-11:45【51318】 수09:00-10:15【51318】,2,3.33,30,0,"오프라인, ABEEK",의사소통,자과캠
교양,GEDW002-43,학술적글쓰기,김상현,월12:00-13:15【51318】 수13:30-14:45【51318】,2,4.09,38,0,"오프라인, ABEEK",의사소통,자과캠
교양,GEDW002-44,학술적글쓰기,김상현,월13:30-14:45【51318】 수12:00-13:15【51318】,2,4.09,48,0,"오프라인, ABEEK",의사소통,자과캠
교양,GEDW002-45,학술적글쓰기,김세준,월15:00-16:15【51318】 수16:30-17:45【51318】,2,2.71,29,0,"오프라인, ABEEK",의사소통,자과캠
교양,GEDW002-46,학술적글쓰기,이창후,월16:30-17:45【51318】 수15:00-16:15【51318】,2,3.08,30,0,"오프라인, ABEEK",의사소통,자과캠
교양,GEDW002-47,학술적글쓰기,우환식,화09:00-10:15【26509】 목10:30-11:45【26509】,2,4.23,38,0,"오프라인, ABEEK",의사소통,자과캠
교양,GEDW002-48,학술적글쓰기,우환식,화10:30-11:45【26509】 목09:00-10:15【26509】,2,4.23,46,0,"오프라인, ABEEK",의사소통,자과캠
교양,GEDW002-49,학술적글쓰기,원만희,화12:00-13:15【51318】 목13:30-14:45【51318】,2,3.81,35,0,"오프라인, ABEEK",의사소통,자과캠
교양,GEDW002-50,학술적글쓰기,원만희,화13:30-14:45【51318】 목12:00-13:15【51318】,2,3.81,38,0,"오프라인, ABEEK",의사소통,자과캠
교양,GEDW002-51,학술적글쓰기,하주영,화15:00-16:15【51318】 목16:30-17:45【51318】,2,3.9,46,0,"오프라인, ABEEK",의사소통,자과캠
교양,GEDW002-52,학술적글쓰기,하주영,화16:30-17:45【51318】 목15:00-16:15【51318】,2,3.9,38,0,"오프라인, ABEEK",의사소통,자과캠
교양,GEDW002-53,학술적글쓰기,이창후,화09:00-10:15【51318】 목10:30-11:45【51318】,2,3.08,33,0,"오프라인, ABEEK",의사소통,자과캠
교양,GEDW002-54,학술적글쓰기,이창후,화10:30-11:45【51318】 목09:00-10:15【51318】,2,3.08,30,0,"오프라인, ABEEK",의사소통,자과캠
교양,GEDW002-55,학술적글쓰기,우환식,화12:00-13:15【26509】 목13:30-14:45【26509】,2,4.23,45,0,"오프라인, ABEEK",의사소통,자과캠
교양,GEDW004-43,과학기술글쓰기,전영실,수13:30-14:45【26513】【1.5h(ON)+1.5h(OFF)】,2,3.82,32,0,"플립러닝(온라인[사전제작]+오프라인), ABEEK, 오프라인수업 수요일13:30-14:25에 합니다",의사소통,자과캠
교양,GEDW004-44,과학기술글쓰기,전영실,수12:00-13:15【26513】【1.5h(ON)+1.5h(OFF)】,2,3.82,31,0,"플립러닝(온라인[사전제작]+오프라인), ABEEK, 오프라인수업 수요일12~1:15에 합니다",의사소통,자과캠
교양,GEDW004-49,과학기술글쓰기,이혁주,목12:00-13:15【51356】【1.5h(ON)+1.5h(OFF)】,2,4.02,25,0,"플립러닝(온라인[사전제작]+오프라인), ABEEK",의사소통,자과캠
교양,GEDW003-41,스피치와토론,심흥식,월09:00-10:15【51207】 수10:30-11:45【51207】,2,4.28,31,0,"오프라인, ABEEK",의사소통,자과캠
교양,GEDW003-42,스피치와토론,심흥식,월10:30-11:45【51207】 수09:00-10:15【51207】,2,4.28,31,0,"오프라인, ABEEK",의사소통,자과캠
교양,GEDW003-43,스피치와토론,김동규,월12:00-13:15【51207】 수13:30-14:45【51207】,2,4.67,47,0,"오프라인, ABEEK",의사소통,자과캠
교양,GEDW003-44,스피치와토론,김동규,월13:30-14:45【51207】 수12:00-13:15【51207】,2,4.67,43,0,"오프라인, ABEEK",의사소통,자과캠
교양,GEDW001-41,창의적글쓰기,한진일,월09:00-10:15【23113】 수10:30-11:45【23113】,2,3.82,35,0,"오프라인, ABEEK",의사소통,자과캠
교양,GEDW001-42,창의적글쓰기,김강은,월10:30-11:45【26504】 수09:00-10:15【26504】,2,4.83,43,0,"오프라인, ABEEK",의사소통,자과캠
교양,GEDW001-43,창의적글쓰기,권용혜,월12:00-13:15【26504】 수13:30-14:45【26504】,2,4.86,56,0,"오프라인, ABEEK",의사소통,자과캠
교양,GEDW001-44,창의적글쓰기,손광식,월13:30-14:45【51206】 수12:00-13:15【51206】,2,3.51,37,0,"오프라인, ABEEK",의사소통,자과캠
교양,GEDW001-45,창의적글쓰기,손광식,월15:00-16:15【51206】 수16:30-17:45【51206】,2,3.51,34,0,"오프라인, ABEEK",의사소통,자과캠
교양,GEDW001-46,창의적글쓰기,손광식,월16:30-17:45【51206】 수15:00-16:15【51206】,2,3.51,35,0,"오프라인, ABEEK",의사소통,자과캠
교양,GEDW001-47,창의적글쓰기,안혜지,화09:00-10:15【51206】 목10:30-11:45【51206】,2,4.93,44,0,"오프라인, ABEEK",의사소통,자과캠
교양,GEDW001-48,창의적글쓰기,안혜지,화10:30-11:45【51206】 목09:00-10:15【51206】,2,4.93,44,0,"오프라인, ABEEK",의사소통,자과캠
교양,GEDW001-51,창의적글쓰기,이승희,화15:00-16:15【51206】 목16:30-17:45【51206】,2,4.1,40,0,"오프라인, ABEEK",의사소통,자과캠
교양,GEDW001-52,창의적글쓰기,이승희,화16:30-17:45【51206】 목15:00-16:15【51206】,2,4.11,35,0,"오프라인, ABEEK",의사소통,자과캠
교양,GEDW001-53,창의적글쓰기,권용혜,월09:00-10:15【26504】 수10:30-11:45【26504】,2,4.86,38,0,"오프라인, ABEEK",의사소통,자과캠
교양,GEDW001-54,창의적글쓰기,한진일,월10:30-11:45【23113】 수09:00-10:15【23113】,2,3.79,35,0,"오프라인, ABEEK",의사소통,자과캠
교양,GEDW001-55,창의적글쓰기,한진일,월12:00-13:15【23113】 수13:30-14:45【23113】,2,3.79,42,0,"오프라인, ABEEK",의사소통,자과캠
교양,GEDW001-56,창의적글쓰기,한진일,월13:30-14:45【23113】 수12:00-13:15【23113】,2,3.79,40,0,"오프라인, ABEEK",의사소통,자과캠
교양,GEDW003-47,스피치와토론,송경희,화09:00-10:15【51207】 목10:30-11:45【51207】,2,3.85,15,0,"오프라인, ABEEK",의사소통,자과캠
교양,GEDW003-48,스피치와토론,송경희,화10:30-11:45【51207】 목09:00-10:15【51207】,2,3.85,19,0,"오프라인, ABEEK",의사소통,자과캠
교양,GEDW001-49,창의적글쓰기,배선애,화12:00-13:15【51206】 목13:30-14:45【51206】,2,4.38,48,0,"오프라인, ABEEK",의사소통,자과캠
교양,GEDW001-50,창의적글쓰기,배선애,화13:30-14:45【51206】 목12:00-13:15【51206】,2,4.38,43,0,"오프라인, ABEEK",의사소통,자과캠
교양,GEDT017-41,창의적융합디자인,전영실,금10:00-10:50【26504】 금11:00-11:50【26504】【1h(ON)+2h(OFF)】,3,3.29,76,0,"플립러닝(온라인[사전제작]+오프라인), ABEEK, ※ 수강삭제 및 철회불가 ※",창의,자과캠
교양,GEDT017-45,창의적융합디자인,이하나,금10:00-10:50【85702】 금11:00-11:50【85702】【1h(ON)+2h(OFF)】,3,2.81,81,0,"플립러닝(온라인[사전제작]+오프라인), ABEEK, ※ 수강삭제 및 철회불가 ※",창의,자과캠
교양,GEDT017-46,창의적융합디자인,김용일,금10:00-10:50【51206】 금11:00-11:50【51206】【1h(ON)+2h(OFF)】,3,2.92,89,0,"플립러닝(온라인[사전제작]+오프라인), ABEEK, ※ 수강삭제 및 철회불가 ※",창의,자과캠
교양,GEDT017-47,창의적융합디자인,김훈모,금12:00-12:50【26508】 금13:00-13:50【26508】【1h(ON)+2h(OFF)】,3,1.79,90,0,"플립러닝(온라인[사전제작]+오프라인), ABEEK, ※ 수강삭제 및 철회불가 ※",창의,자과캠
교양,GEDT017-48,창의적융합디자인,이하나,금12:00-12:50【85702】 금13:00-13:50【85702】【1h(ON)+2h(OFF)】,3,2.81,101,0,"플립러닝(온라인[사전제작]+오프라인), ABEEK, ※ 수강삭제 및 철회불가 ※",창의,자과캠
교양,GEDT017-51,창의적융합디자인,임병권,금12:00-12:50【51206】 금13:00-13:50【51206】【1h(ON)+2h(OFF)】,3,2.27,78,0,"플립러닝(온라인[사전제작]+오프라인), ABEEK, ※ 수강삭제 및 철회불가 ※",창의,자과캠
교양,GEDT017-52,창의적융합디자인,김용일,금14:00-14:50【51206】 금15:00-15:50【51206】【1h(ON)+2h(OFF)】,3,2.91,102,0,"플립러닝(온라인[사전제작]+오프라인), ABEEK, ※ 수강삭제 및 철회불가 ※",창의,자과캠
교양,GEDT017-53,창의적융합디자인,이정찬,금14:00-14:50【26504】 금15:00-15:50【26504】【1h(ON)+2h(OFF)】,3,3.19,67,0,"플립러닝(온라인[사전제작]+오프라인), ABEEK, ※ 수강삭제 및 철회불가 ※",창의,자과캠
교양,GEDT017-56,창의적융합디자인,남성우,금14:00-14:50【27423】 금15:00-15:50【27423】【1h(ON)+2h(OFF)】,3,3.19,78,0,"플립러닝(온라인[사전제작]+오프라인), ABEEK, ※ 수강삭제 및 철회불가 ※",창의,자과캠
교양,GEDT017-58,창의적융합디자인,전영란,금14:00-14:50【85702】 금15:00-15:50【85702】【1h(ON)+2h(OFF)】,3,3.36,87,0,"플립러닝(온라인[사전제작]+오프라인), ABEEK, ※ 수강삭제 및 철회불가 ※",창의,자과캠
교양,GEDT017-62,창의적융합디자인,이정찬,금16:00-16:50【26504】 금17:00-17:50【26504】【1h(ON)+2h(OFF)】,3,3.15,87,0,"플립러닝(온라인[사전제작]+오프라인), ABEEK, ※ 수강삭제 및 철회불가 ※",창의,자과캠
교양,GEDT006-41,창의적사고,이화선,화13:00-13:50【51356】 화14:00-14:50【51356】,2,4.51,21,0,"PBL(온라인[사전제작]+오프라인), ABEEK",창의,자과캠
교양,GEDT017-42,창의적융합디자인,김종웅,금10:00-10:50【26508】 금11:00-11:50【26508】【1h(ON)+2h(OFF)】,3,2.21,85,0,"플립러닝(온라인[사전제작]+오프라인), ABEEK, ※ 수강삭제 및 철회불가 ※",창의,자과캠
교양,GEDT017-61,창의적융합디자인,전영란,금16:00-16:50【85702】 금17:00-17:50【85702】【1h(ON)+2h(OFF)】,3,3.38,85,0,"플립러닝(온라인[사전제작]+오프라인), ABEEK, ※ 수강삭제 및 철회불가 ※",창의,자과캠
교양,GEDT013-41,사고와표현,조수진,수12:00-13:15【27530】 수13:30-14:45【27530】,3,4.33,11,0,"오프라인, ABEEK, 외국인과정(ISC) 과목 / 한국학생 수강 불가",창의,자과캠
교양,GEDT010-41,창의와사유의기초,유현정,화09:00-10:15【27530】 화10:30-11:45【27530】,2,4.75,4,0,"오프라인, ABEEK, 외국인과정(ISC) 과목 / 한국학생 수강 불가",창의,자과캠
교양,GEDT017-43,창의적융합디자인,이주열,금10:00-10:50【27423】 금11:00-11:50【27423】【1h(ON)+2h(OFF)】,3,1.94,85,0,"플립러닝(온라인[사전제작]+오프라인), ABEEK, ※ 수강삭제 및 철회불가 ※",창의,자과캠
교양,GEDT017-44,창의적융합디자인,이영수,금10:00-10:50【27515】 금11:00-11:50【27515】【1h(ON)+2h(OFF)】,3,0,105,0,"플립러닝(온라인[사전제작]+오프라인), ABEEK, ※ 수강삭제 및 철회불가 ※",창의,자과캠
교양,GEDT017-49,창의적융합디자인,임수연,금12:00-12:50【27423】 금13:00-13:50【27423】【1h(ON)+2h(OFF)】,3,4.04,80,0,"플립러닝(온라인[사전제작]+오프라인), ABEEK, ※ 수강삭제 및 철회불가 ※",창의,자과캠
교양,GEDT017-50,창의적융합디자인,정형모,금12:00-12:50【27515】 금13:00-13:50【27515】【1h(ON)+2h(OFF)】,3,3.96,107,0,"플립러닝(온라인[사전제작]+오프라인), ABEEK, ※ 수강삭제 및 철회불가 ※",창의,자과캠
교양,GEDT017-55,창의적융합디자인,김훈모,금14:00-14:50【26508】 금15:00-15:50【26508】【1h(ON)+2h(OFF)】,3,1.79,92,0,"플립러닝(온라인[사전제작]+오프라인), ABEEK, ※ 수강삭제 및 철회불가 ※",창의,자과캠
교양,GEDT017-57,창의적융합디자인,이주열,금14:00-14:50【27515】 금15:00-15:50【27515】【1h(ON)+2h(OFF)】,3,1.95,85,0,"플립러닝(온라인[사전제작]+오프라인), ABEEK, ※ 수강삭제 및 철회불가 ※",창의,자과캠
교양,GEDT017-59,창의적융합디자인,남성우,금16:00-16:50【27423】 금17:00-17:50【27423】【1h(ON)+2h(OFF)】,3,3.18,84,0,"플립러닝(온라인[사전제작]+오프라인), ABEEK, ※ 수강삭제 및 철회불가 ※",창의,자과캠
교양,GEDT017-60,창의적융합디자인,임수연,금16:00-16:50【27515】 금17:00-17:50【27515】【1h(ON)+2h(OFF)】,3,4.05,83,0,"플립러닝(온라인[사전제작]+오프라인), ABEEK, ※ 수강삭제 및 철회불가 ※",창의,자과캠
교양,GEDT017-63,창의적융합디자인,전영실,금12:00-12:50【26504】 금13:00-13:50【26504】【1h(ON)+2h(OFF)】,3,3.3,57,0,"플립러닝(온라인[사전제작]+오프라인), ABEEK, ※ 수강삭제 및 철회불가 ※",창의,자과캠
교양,GEDT017-64,창의적융합디자인,이상원,금10:00-10:50【85712】 금11:00-11:50【85712】【1h(ON)+2h(OFF)】,3,3.12,45,0,"플립러닝(온라인[사전제작]+오프라인), ABEEK, 재학생 전용반/※ 수강삭제 불가 ※",창의,자과캠
교양,GEDT018-41,공학컴퓨터프로그래밍,정윤경,목12:00-13:15【26307】【1.5h(ON)+1.5h(OFF)】,3,4.61,31,0,"플립러닝(온라인[사전제작]+오프라인), ABEEK, 2020학번 이전 학생 전용반(교양)",미래(SW/AI),자과캠(20학번이전)
교양,GEDT019-41,프로그래밍기초와실습,이연호,월13:30-14:45【22312】 수12:00-13:15【22312】,3,4.15,29,0,"오프라인, ABEEK, 2020학번 이전 학생 전용반(교양)",미래(SW/AI),자과캠(20학번이전)
교양,GEDS081-41,ESG경영과기업법,박상오,수09:00-10:15【61209】 수10:30-11:45【61209】,3,4.78,12,0,오프라인,사회/역사,자과캠
교양,GEDS011-41,대중매체의이해,박인곤,수09:00-10:15【51206】 수10:30-11:45【51206】,3,4.54,65,0,"오프라인, ABEEK",사회/역사,자과캠
교양,GEDS017-41,성격과적응,이경성,금12:00-13:15【26502】 금13:30-14:45【26502】,3,4.18,31,0,"PBL(온라인[사전제작]+오프라인), ABEEK",사회/역사,자과캠
교양,GEDS089-41,현대중국사회의이해,유홍준,화12:00-13:15【26515】 목13:30-14:45【26515】,3,4.22,13,0,"국제어수업, 오프라인, 국제어(English)",사회/역사,자과캠
교양,GEDS079-41,디지로그재산권,성덕근,금15:00-16:15【51356】 금16:30-17:45【51356】,3,4.64,48,0,온라인[사전제작],사회/역사,자과캠
교양,GEDS062-41,미래사회와창의혁신인재,이화선,목09:00-10:15【26504】 목10:30-11:45【26504】,3,4.81,18,0,"PBL(온라인[사전제작]+오프라인), ABEEK",사회/역사,자과캠
교양,GEDS087-41,스페인어문화권의사회와문화,강정원,수09:00-10:15【26515】 수10:30-11:45【26515】,3,4.6,35,0,"국제어수업, 오프라인",사회/역사,자과캠
교양,GEDS039-41,현대사회와법,손명지,금12:00-13:15【23113】 금13:30-14:45【23113】,3,4.68,77,0,"온라인[사전제작], ABEEK",사회/역사,자과캠
교양,GEDS070-41,현대사회와헌법의이해,권수진,화12:00-13:15【미지정】 목13:30-14:45【미지정】,3,4.21,15,0,"온라인[사전제작], ABEEK",사회/역사,자과캠
교양,GEDB002-46,미분적분학2,천창범,화09:00-10:15【미지정】 목10:30-11:45【미지정】,3,4.6,84,0,"온라인[사전제작], ABEEK, 오프라인 중간/기말 시험:10.22/12.17 (18:00-19:00)",인문사회과학/자연과학기반,자과캠
교양,GEDB002-47,미분적분학2,권순학,화10:30-11:45【미지정】 목09:00-10:15【미지정】,3,4.78,98,0,"온라인[사전제작], ABEEK",인문사회과학/자연과학기반,자과캠
교양,GEDB002-48,미분적분학2,황인성,화12:00-13:15【31316】 목13:30-14:45【31316】,3,4.78,91,0,"오프라인, ABEEK",인문사회과학/자연과학기반,자과캠
교양,GEDB002-50,미분적분학2,이종락,화12:00-13:15【미지정】 목13:30-14:45【미지정】,3,4.89,107,0,"온라인[사전제작], ABEEK",인문사회과학/자연과학기반,자과캠
교양,GEDB002-52,미분적분학2,이정찬,월09:00-10:15【51155】 수10:30-11:45【51155】,3,4.43,35,0,"오프라인, ABEEK",인문사회과학/자연과학기반,자과캠
교양,GEDB002-53,미분적분학2,정필규,금09:00-10:15【51155】 금10:30-11:45【51155】,3,0,35,0,"오프라인, ABEEK",인문사회과학/자연과학기반,자과캠
교양,GEDB002-55,미분적분학2,황인성,화09:00-10:15【51308】 목10:30-11:45【51308】,3,4.78,73,0,"오프라인, ABEEK",인문사회과학/자연과학기반,자과캠
교양,GEDB002-56,미분적분학2,나다나엘가르얀토,화15:00-16:15【85713】【1.5h(ON)+1.5h(OFF)】,3,4.32,74,0,"국제어수업, 플립러닝(온라인[사전제작]+오프라인), ABEEK",인문사회과학/자연과학기반,자과캠
교양,GEDB002-57,미분적분학2,박정형,금15:00-16:15【31316】 금16:30-17:45【31316】,3,4.4,21,0,"국제어수업, PBL(온라인[사전제작]+오프라인), ABEEK",인문사회과학/자연과학기반,자과캠
교양,GEDB002-58,미분적분학2,신보미,수12:00-13:15【51155】【1.5h(ON)+1.5h(OFF)】,3,0,83,0,"플립러닝(온라인[사전제작]+오프라인), ABEEK",인문사회과학/자연과학기반,자과캠
교양,GEDB002-59,미분적분학2,설한국,월15:00-16:15【85713】 수16:30-17:45【85713】,3,4.63,85,0,"오프라인, ABEEK",인문사회과학/자연과학기반,자과캠
교양,GEDB002-60,미분적분학2,김장현,월16:30-17:45【85713】 수15:00-16:15【85713】,3,0,55,0,"오프라인, ABEEK",인문사회과학/자연과학기반,자과캠
교양,GEDB032-41,미분적분학실습2,김장수,월13:00-13:50【85712】 월14:00-14:50【85712】,1,0,29,0,"오프라인, ABEEK",인문사회과학/자연과학기반,자과캠
교양,GEDB032-42,미분적분학실습2,김장수,목13:00-13:50【61208】 목14:00-14:50【61208】,1,0,26,0,"오프라인, ABEEK",인문사회과학/자연과학기반,자과캠
교양,GEDB016-41,생명과학1,권재영,월10:30-11:45【32255】 수09:00-10:15【32255】,3,4.91,74,0,"오프라인, ABEEK",인문사회과학/자연과학기반,자과캠
교양,GEDB018-41,생명과학2,존아임스,월09:00-10:15【32255】 수10:30-11:45【32255】,3,4.29,16,0,"국제어수업, 오프라인, ABEEK",인문사회과학/자연과학기반,자과캠
교양,GEDB018-43,생명과학2,김승철,월13:30-14:45【85718】 수12:00-13:15【85718】,3,4.52,58,0,"오프라인, ABEEK",인문사회과학/자연과학기반,자과캠
교양,GEDB018-44,생명과학2,존아임스,월15:00-16:15【85718】 수16:30-17:45【85718】,3,4.29,10,0,"국제어수업, 오프라인, ABEEK",인문사회과학/자연과학기반,자과캠
교양,GEDB018-47,생명과학2,권재영,화10:30-11:45【51308】 목09:00-10:15【51308】,3,4.71,31,0,"오프라인, ABEEK, 공동강의(권재영,김지연)",인문사회과학/자연과학기반,자과캠
교양,GEDB018-48,생명과학2,김준호,화12:00-13:15【61209】 목13:30-14:45【61209】,3,4.88,63,0,"오프라인, ABEEK",인문사회과학/자연과학기반,자과캠
교양,GEDB018-49,생명과학2,정수명,화13:30-14:45【26509】 목12:00-13:15【26509】,3,4.97,73,0,"오프라인, ABEEK, 공동강의(정수명,이대한)",인문사회과학/자연과학기반,자과캠
교양,GEDB018-50,생명과학2,정수명,화16:30-17:45【23113】 목15:00-16:15【23113】,3,4.97,40,0,"오프라인, ABEEK, 공동강의(정수명,이대한)",인문사회과학/자연과학기반,자과캠
교양,GEDB019-41,생명과학실험2,김승철,목12:00-13:15【32162A】【0.5h(ON)+1.5h(OFF)】,1,5,26,0,"플립러닝(온라인[사전제작]+오프라인), ABEEK, [실험.실습] 수강철회불가",인문사회과학/자연과학기반,자과캠
교양,GEDB019-42,생명과학실험2,최철용,월13:30-14:45【32162A】【0.5h(ON)+1.5h(OFF)】,1,4.38,31,0,"플립러닝(온라인[사전제작]+오프라인), ABEEK, [실험.실습] 수강철회불가",인문사회과학/자연과학기반,자과캠
교양,GEDB019-43,생명과학실험2,박석희,화12:00-13:15【32162A】【0.5h(ON)+1.5h(OFF)】,1,4.91,28,0,"플립러닝(온라인[사전제작]+오프라인), ABEEK, [실험.실습] 수강철회불가",인문사회과학/자연과학기반,자과캠
교양,GEDB019-44,생명과학실험2,정수명,수12:00-13:15【32162A】【0.5h(ON)+1.5h(OFF)】,1,5,30,0,"플립러닝(온라인[사전제작]+오프라인), ABEEK, [실험.실습] 수강철회불가",인문사회과학/자연과학기반,자과캠
교양,GEDB019-45,생명과학실험2,권재영,목13:30-14:45【32162A】【0.5h(ON)+1.5h(OFF)】,1,3.88,26,0,"플립러닝(온라인[사전제작]+오프라인), ABEEK, [실험.실습] 수강철회불가",인문사회과학/자연과학기반,자과캠
교양,GEDB019-46,생명과학실험2,정재훈,목15:00-16:15【32162A】【0.5h(ON)+1.5h(OFF)】,1,4.46,30,0,"플립러닝(온라인[사전제작]+오프라인), ABEEK, [실험.실습] 수강철회불가",인문사회과학/자연과학기반,자과캠
교양,GEDB019-47,생명과학실험2,김진섭,수13:30-14:45【32162A】【0.5h(ON)+1.5h(OFF)】,1,4.67,35,0,"플립러닝(온라인[사전제작]+오프라인), ABEEK, [실험.실습] 수강철회불가",인문사회과학/자연과학기반,자과캠
교양,GEDB003-41,선형대수학,임선혁,월10:30-11:45【51308】 수09:00-10:15【51308】,3,0,86,0,"오프라인, ABEEK",인문사회과학/자연과학기반,자과캠
교양,GEDB003-42,선형대수학,최우철,월16:30-17:45【미지정】 수15:00-16:15【미지정】,3,3.87,92,0,"온라인[사전제작], ABEEK",인문사회과학/자연과학기반,자과캠
교양,GEDB003-43,선형대수학,임용도,금12:00-13:15【51308】 금13:30-14:45【51308】,3,0,75,0,"오프라인, ABEEK",인문사회과학/자연과학기반,자과캠
교양,GEDB003-44,선형대수학,킨카찬드라다스,화15:00-16:15【23113】 목16:30-17:45【23113】,3,3.67,68,0,"국제어수업, 오프라인, ABEEK",인문사회과학/자연과학기반,자과캠
교양,GEDB003-45,선형대수학,송민호,화13:30-14:45【51155】 목12:00-13:15【51155】,3,0,100,0,"오프라인, ABEEK, 강의실에 출석하지 않고 저장된 영상만 시청할 경우 출석인정되지 않습니다.",인문사회과학/자연과학기반,자과캠
교양,GEDB007-41,이산수학,이영수,화12:00-13:15【51155】 목13:30-14:45【51155】,3,4.8,83,0,"오프라인, ABEEK",인문사회과학/자연과학기반,자과캠
교양,GEDB007-45,이산수학,이영수,금12:00-13:15【51155】 금13:30-14:45【51155】,3,4.8,62,0,"오프라인, ABEEK",인문사회과학/자연과학기반,자과캠
교양,GEDB008-41,일반물리학1,이경하,월12:00-13:15【51155】 수13:30-14:45【51155】,3,4.48,55,0,"국제어수업, 오프라인, ABEEK",인문사회과학/자연과학기반,자과캠
교양,GEDB008-42,일반물리학1,채경육,화13:30-14:45【51308】 목12:00-13:15【51308】,3,4.74,67,0,"오프라인, ABEEK",인문사회과학/자연과학기반,자과캠
교양,GEDB008-43,일반물리학1,이명재,화16:30-17:45【51308】 목15:00-16:15【51308】,3,4.56,61,0,"오프라인, ABEEK",인문사회과학/자연과학기반,자과캠
교양,GEDB010-41,일반물리학2,드리바데미시톨라,월09:00-10:15【51308】 수10:30-11:45【51308】,3,4.64,21,0,"국제어수업, 오프라인, ABEEK",인문사회과학/자연과학기반,자과캠
교양,GEDB010-43,일반물리학2,랍라하예,월12:00-13:15【85718】 수13:30-14:45【85718】【1h(ON)+3h(OFF)[4시간]】,3,4.42,24,0,"국제어수업, 플립러닝(온라인[사전제작]+오프라인), ABEEK",인문사회과학/자연과학기반,자과캠
교양,GEDB010-44,일반물리학2,이석천,월13:30-14:45【51308】 수12:00-13:15【51308】,3,4.6,65,0,"오프라인, ABEEK",인문사회과학/자연과학기반,자과캠
교양,GEDB010-45,일반물리학2,드리바데미시톨라,월15:00-16:15【51308】 수16:30-17:45【51308】,3,4.64,60,0,"국제어수업, 오프라인, ABEEK",인문사회과학/자연과학기반,자과캠
교양,GEDB010-46,일반물리학2,손병민,월16:30-17:45【51155】 수15:00-16:15【51155】,3,5,84,0,"오프라인, ABEEK",인문사회과학/자연과학기반,자과캠
교양,GEDB010-47,일반물리학2,유제중,화09:00-10:15【51155】 목10:30-11:45【51155】,3,4.88,70,0,"오프라인, ABEEK",인문사회과학/자연과학기반,자과캠
교양,GEDB010-48,일반물리학2,박두선,화10:30-11:45【51155】 목09:00-10:15【51155】,3,4.53,56,0,"국제어수업, 오프라인, ABEEK",인문사회과학/자연과학기반,자과캠
교양,GEDB010-49,일반물리학2,이명재,화12:00-13:15【51308】 목13:30-14:45【51308】,3,4.53,66,0,"오프라인, ABEEK",인문사회과학/자연과학기반,자과캠
교양,GEDB010-50,일반물리학2,카와이신스케,화13:30-14:45【85718】 목12:00-13:15【85718】,3,4.24,48,0,"국제어수업, 오프라인, ABEEK",인문사회과학/자연과학기반,자과캠
교양,GEDB010-52,일반물리학2,드리바데미시톨라,화16:30-17:45【85718】 목15:00-16:15【85718】,3,4.64,45,0,"국제어수업, 오프라인, ABEEK",인문사회과학/자연과학기반,자과캠
교양,GEDB010-53,일반물리학2,안종열,금09:00-10:15【미지정】 금10:30-11:45【미지정】,3,4.44,65,0,"온라인[사전제작], ABEEK",인문사회과학/자연과학기반,자과캠
교양,GEDB011-42,일반물리학실험2,안종열,월15:00-16:15【31252】【0.5h(ON)+1.5h(OFF)】,1,3.67,19,0,"플립러닝(온라인[사전제작]+오프라인), ABEEK, [실험.실습]수강철회불가,※BSM과목은 절대평가 전환 제외",인문사회과학/자연과학기반,자과캠
교양,GEDB011-43,일반물리학실험2,강원남,화13:30-14:45【31252】【0.5h(ON)+1.5h(OFF)】,1,4.22,26,0,"플립러닝(온라인[사전제작]+오프라인), ABEEK, [실험.실습]수강철회불가,※BSM과목은 절대평가 전환 제외",인문사회과학/자연과학기반,자과캠
교양,GEDB011-44,일반물리학실험2,박두선,수13:30-14:45【31252】【0.5h(ON)+1.5h(OFF)】,1,4.71,17,0,"플립러닝(온라인[사전제작]+오프라인), ABEEK, [실험.실습]수강철회불가,※BSM과목은 절대평가 전환 제외",인문사회과학/자연과학기반,자과캠
교양,GEDB011-45,일반물리학실험2,박성하,목15:00-16:15【31252】【0.5h(ON)+1.5h(OFF)】,1,0,20,0,"플립러닝(온라인[사전제작]+오프라인), ABEEK, [실험.실습]수강철회불가,※BSM과목은 절대평가 전환 제외",인문사회과학/자연과학기반,자과캠
교양,GEDB012-41,일반화학1,정덕영,월16:30-17:45【330102】【1.5h(ON)+1.5h(OFF)】,3,4.43,105,0,"국제어수업, 플립러닝(온라인[사전제작]+오프라인), ABEEK",인문사회과학/자연과학기반,자과캠
교양,GEDB012-42,일반화학1,양정운,화09:00-10:15【330118】 화10:30-11:45【330118】,3,4.38,92,0,"국제어수업, 오프라인, ABEEK",인문사회과학/자연과학기반,자과캠
교양,GEDB014-41,일반화학2,김지만,월09:00-10:15【330102】 월10:30-11:45【330102】,3,4.32,87,0,"국제어수업, 오프라인, ABEEK",인문사회과학/자연과학기반,자과캠
교양,GEDB014-42,일반화학2,윤재숙,월12:00-13:15【330102】 수13:30-14:45【330102】,3,0,94,0,"국제어수업, 오프라인, ABEEK",인문사회과학/자연과학기반,자과캠
교양,GEDB014-43,일반화학2,부진효,월13:30-14:45【330102】 수12:00-13:15【330102】,3,3.4,91,0,"국제어수업, 오프라인, ABEEK",인문사회과학/자연과학기반,자과캠
교양,GEDB014-44,일반화학2,타탄프렘쿠마르,월15:00-16:15【330102】 수16:30-17:45【330102】,3,4.52,105,0,"국제어수업, 오프라인, ABEEK, 강의저장 + 국제어수업",인문사회과학/자연과학기반,자과캠
교양,GEDB014-45,일반화학2,김성규,화09:00-10:15【330102】 목10:30-11:45【330102】,3,2.95,74,0,"국제어수업, 오프라인, ABEEK",인문사회과학/자연과학기반,자과캠
교양,GEDB014-46,일반화학2,타탄프렘쿠마르,화10:30-11:45【330102】 목09:00-10:15【330102】,3,4.52,99,0,"국제어수업, 오프라인, ABEEK, 강의저장 + 국제어수업",인문사회과학/자연과학기반,자과캠
교양,GEDB014-47,일반화학2,윤완수,화12:00-13:15【330102】 목13:30-14:45【330102】,3,4.59,106,0,"국제어수업, 오프라인, ABEEK",인문사회과학/자연과학기반,자과캠
교양,GEDB014-48,일반화학2,타탄프렘쿠마르,화13:30-14:45【330102】 목12:00-13:15【330102】,3,4.52,112,0,"국제어수업, 오프라인, ABEEK, 강의저장 + 국제어수업",인문사회과학/자연과학기반,자과캠
교양,GEDB015-41,일반화학실험2,김영독,월13:00-13:50【32201】 월14:00-14:50【32201】,1,3.25,25,0,"국제어수업, PBL(온라인[사전제작]+오프라인), ABEEK",인문사회과학/자연과학기반,자과캠
교양,GEDB015-42,일반화학실험2,손성욱,월15:00-15:50【32201】 월16:00-16:50【32201】,1,4.22,29,0,"국제어수업, PBL(온라인[사전제작]+오프라인), ABEEK",인문사회과학/자연과학기반,자과캠
교양,GEDB015-43,일반화학실험2,배한용,화11:00-11:50【32201】 화12:00-12:50【32201】,1,4.76,25,0,"국제어수업, PBL(온라인[사전제작]+오프라인), ABEEK",인문사회과학/자연과학기반,자과캠
교양,GEDB015-45,일반화학실험2,배한용,화15:00-15:50【32201】 화16:00-16:50【32201】,1,4.76,25,0,"국제어수업, PBL(온라인[사전제작]+오프라인), ABEEK",인문사회과학/자연과학기반,자과캠
교양,GEDB015-46,일반화학실험2,김영독,수11:00-11:50【32251】 수12:00-12:50【32251】,1,3.25,27,0,"국제어수업, PBL(온라인[사전제작]+오프라인), ABEEK",인문사회과학/자연과학기반,자과캠
교양,GEDB015-48,일반화학실험2,손성욱,수15:00-15:50【32251】 수16:00-16:50【32251】,1,4.22,23,0,"국제어수업, PBL(온라인[사전제작]+오프라인), ABEEK",인문사회과학/자연과학기반,자과캠
교양,GEDB015-50,일반화학실험2,김태연,목13:00-13:50【32254B】 목14:00-14:50【32254B】,1,0,12,0,"국제어수업, PBL(온라인[사전제작]+오프라인), ABEEK",인문사회과학/자연과학기반,자과캠
교양,GEDI005-41,철학입문,박지영,금15:00-16:15【26515】,3,0,17,0,플립러닝(온라인[사전제작]+오프라인),인문사회과학/자연과학기반,자과캠
교양,GEDB028-42,확률및통계,허다연,월16:30-17:45【22410】 수15:00-16:15【22410】,3,4.91,83,0,"오프라인, ABEEK",인문사회과학/자연과학기반,자과캠
교양,GEDB028-43,확률및통계,박현진,화12:00-13:15【85702】 목13:30-14:45【85702】,3,4.83,71,0,"오프라인, ABEEK",인문사회과학/자연과학기반,자과캠
교양,GEDB007-42,이산수학,조나단액스텔,목12:00-13:15【32255】【1.5h(ON)+1.5h(OFF)】,3,4.4,69,0,"국제어수업, 플립러닝(온라인[사전제작]+오프라인), ABEEK",인문사회과학/자연과학기반,자과캠
교양,GEDB007-43,이산수학,조나단액스텔,화15:00-16:15【51155】【1.5h(ON)+1.5h(OFF)】,3,4.4,71,0,"국제어수업, 플립러닝(온라인[사전제작]+오프라인), ABEEK",인문사회과학/자연과학기반,자과캠
교양,GEDB007-44,이산수학,조나단액스텔,화16:30-17:45【미지정】 목15:00-16:15【미지정】,3,4.4,68,0,"국제어수업, 온라인[사전제작], ABEEK",인문사회과학/자연과학기반,자과캠
교양,GEDB028-41,확률및통계,이주원,월12:00-13:15【22211】 수13:30-14:45【22211】,3,4.95,73,0,"오프라인, ABEEK",인문사회과학/자연과학기반,자과캠
교양,GEDB028-44,확률및통계,최계원,화13:30-14:45【22211】 목12:00-13:15【22211】,3,4.74,73,0,"오프라인, ABEEK",인문사회과학/자연과학기반,자과캠
교양,GEDB005-41,공학수학2,전경수,화09:00-10:15【23217】 화10:30-11:45【23217】,3,2.6,26,0,"오프라인, ABEEK",인문사회과학/자연과학기반,자과캠
교양,GEDI003-41,문학입문,안혜연,금12:00-13:15【51318】 금13:30-14:45【51318】,3,0,13,0,오프라인,인문사회과학/자연과학기반,자과캠
교양,GEDI003-43,문학입문,강부원,금09:00-10:15【51308】 금10:30-11:45【51308】,3,4.88,68,0,오프라인,인문사회과학/자연과학기반,자과캠
교양,GEDI008-41,심리학입문,김경아,금15:00-16:15【23217】 금16:30-17:45【23217】,3,0,17,0,오프라인,인문사회과학/자연과학기반,자과캠
교양,GEDH091-41,게임과인문학,홍현영,수09:00-10:15【26509】 수10:30-11:45【26509】,3,0,39,0,오프라인,인간/문화,자과캠
교양,GEDH112-41,글로벌화와21세기중국,김순희,수09:00-10:15【85718】 수10:30-11:45【85718】,3,4.14,3,0,"국제어수업, PBL(온라인[사전제작]+오프라인), 국제어(Chinese), 중국어 HSK 5급 이상 수강가능",인간/문화,자과캠
교양,GEDH077-41,대중음악의이해,조원주,금12:00-13:15【23217】【1.5h(ON)+1.5h(OFF)】,3,4.56,64,0,"플립러닝(온라인[사전제작]+오프라인), ABEEK",인간/문화,자과캠
교양,GEDH116-41,동양예문화의이해,정병섭,금15:00-16:15【51205】 금16:30-17:45【51205】,3,4.78,63,0,PBL(온라인[사전제작]+오프라인),인간/문화,자과캠
교양,GEDH101-41,명상과치유,손나리,목09:00-10:15【85718】 목10:30-11:45【85718】,3,0,24,0,PBL(온라인[사전제작]+오프라인),인간/문화,자과캠
전공/전공일반,PHL3027-41,문화철학,이아름,목12:00-13:15【23113】【1.5h(ON)+1.5h(OFF)】,3,4.84,46,0,플립러닝(온라인[사전제작]+오프라인),인간/문화,자과캠
교양,GEDH099-41,예술과4차산업혁명,이혜민,목09:00-10:15【51356】 목10:30-11:45【51356】,3,4.8,53,0,오프라인,인간/문화,자과캠
전공/전공핵심,PHL2012-41,예술철학,조정옥,월18:00-19:15【26504】【1.5h(ON)+1.5h(OFF)】,3,3.43,5,0,"플립러닝(온라인[사전제작]+오프라인), ABEEK",인간/문화,자과캠
교양,GEDH113-41,유럽사회와문화,박규현,목09:00-10:15【미지정】 목10:30-11:45【미지정】,3,4.24,63,0,"국제어수업, 온라인[사전제작], 국제어(English)",인간/문화,자과캠
교양,GEDH076-41,한국사상과문화의이해,정연수,화09:00-10:15【26504】 화10:30-11:45【26504】,3,4.34,5,0,"PBL(온라인[사전제작]+오프라인), ABEEK",인간/문화,자과캠
교양,GEDH110-41,한국의세계문화유산,임홍태,화15:00-16:15【26515】 목16:30-17:45【26515】,3,4.75,8,0,"국제어수업, PBL(온라인[사전제작]+오프라인), 국제어(Chinese)",인간/문화,자과캠
교양,GEDH013-41,일본문화의이해,김동건,월15:00-16:15【27425】 수16:30-17:45【27425】,3,0,29,0,"오프라인, ABEEK",인간/문화,자과캠
교양,GEDH111-41,한국대중문화의철학적이해,이창후,화13:30-14:45【27425】 목12:00-13:15【27425】,3,0,5,0,"국제어수업, 오프라인, 국제어(English)",인간/문화,자과캠
교양,GEDH115-41,동아시아인성과마음이해,유은주,수09:00-10:15【26110】 수10:30-11:45【26110】,3,4.8,61,0,PBL(온라인[사전제작]+오프라인),인간/문화,자과캠
교양,GEDN001-41,과학사,이연숙,화09:00-10:15【미지정】 화10:30-11:45【미지정】,3,4.15,24,0,"온라인[사전제작], ABEEK",자연/과학/기술,자과캠
전공/전공일반,GBE2035-41,마음뇌인공지능,심원목,목09:00-10:15【86126】 목10:30-11:45【86126】,3,4.36,54,0,오프라인,자연/과학/기술,자과캠
교양,GEDN044-41,생활속의양자,김정용,화12:00-13:15【23113】 목13:30-14:45【23113】,3,4.41,17,0,"국제어수업, 오프라인, ABEEK",자연/과학/기술,자과캠
교양,GEDN032-41,약과건강,이상원,화09:00-10:15【51356】 화10:30-11:45【51356】,3,4.68,68,0,"PBL(온라인[사전제작]+오프라인), ABEEK",자연/과학/기술,자과캠
교양,GEDN057-41,정원과식물,하유미,목09:00-10:15【61209】 목10:30-11:45【61209】,3,4.5,43,0,오프라인,자연/과학/기술,자과캠
교양,GEDN042-41,코스모스와인간,김범준,금09:00-10:15【51209】 금10:30-11:45【51209】,3,4.7,25,0,"오프라인, ABEEK",자연/과학/기술,자과캠
교양,GEDN009-41,테크놀러지의철학적이해,민현준,목09:00-10:15【85712】 목10:30-11:45【85712】,3,3.91,1,0,"국제어수업, 오프라인, ABEEK, 국제어(English)",자연/과학/기술,자과캠
교양,GEDN055-41,지속가능성을위한수학적모델링,나다나엘가르얀토,금15:00-16:15【85713】【1.5h(ON)+1.5h(OFF)】,3,4.77,27,0,"국제어수업, 플립러닝(온라인[사전제작]+오프라인)",자연/과학/기술,자과캠
기타,GELT041-42,FYE세미나II,김선호,금18:00-18:50【51206】,1,4.95,253,0,오프라인,.,자과캠
기타,GELT039-41,교양Fitness트레이닝,이기현,수09:00-09:50【05124A】 수10:00-10:50【05124A】,1,5,32,0,오프라인,.,자과캠
기타,GELT023-41,교양댄스스포츠,문보라,화10:00-10:50【51306】 화11:00-11:50【51306】,1,5,12,0,오프라인,.,자과캠
기타,GELT017-41,교양배드민턴,양서형,금14:00-14:50【51307】 금15:00-15:50【51307】,1,4.67,32,0,오프라인,.,자과캠
기타,GELT017-42,교양배드민턴,양서형,금16:00-16:50【51307】 금17:00-17:50【51307】,1,4.7,30,0,오프라인,.,자과캠
기타,GELT027-41,교양스노우보드,장원석,금12:00-12:50【51307】 금13:00-13:50【51307】,1,4.75,36,0,오프라인,.,자과캠
기타,GELT028-42,교양스키,이기현,목14:00-14:50【51306】 목15:00-15:50【51306】,1,4.53,13,0,오프라인,.,자과캠
기타,GELT024-41,교양요가,이민지,수13:00-13:50【51307】 수14:00-14:50【51307】,1,4.69,27,0,오프라인,.,자과캠
기타,GELT018-41,교양축구,김정찬,목10:00-10:50【51306】 목11:00-11:50【51306】,1,4.87,30,0,오프라인,.,자과캠
기타,GELT021-41,교양플로어볼,김세웅,목12:00-12:50【51306】 목13:00-13:50【51306】,1,5,26,0,오프라인,.,자과캠
기타,GELT002-41,글로벌문화체험세미나,저스틴바라스,금10:00-10:50【51356】,1,4.6,15,0,"국제어수업, 오프라인",.,자과캠
기타,GELT002-42,글로벌문화체험세미나,킴찰스바넷,금09:00-09:50【51356】,1,5,12,0,"국제어수업, 오프라인",.,자과캠
기타,GELT089-41,반도체공학세미나,박준은,수18:00-19:15【미지정】 수19:30-20:45【미지정】,3,3,34,0,온라인[사전제작],.,자과캠
기타,GELT012-41,사회봉사론,정국인,수13:00-13:50【미지정】 수14:00-14:50【미지정】,1,4.68,33,0,온라인[사전제작],.,자과캠
기타,GELT065-41,플라잉디스크,이지항,화15:00-15:50【51307】 화16:00-16:50【51307】,1,5,30,0,"오프라인, 실기수업",.,자과캠
기타,GELT078-41,4차산업혁명과스타트업창업,김민호,월15:00-15:50【27515】,1,3.3,7,0,오프라인,.,자과캠
기타,GELT090-41,반도체기술과산업,임완수,금15:00-16:15【미지정】 금16:30-17:45【미지정】,3,0,2,0,온라인[사전제작],.,자과캠
기타,GELT041-43,FYE세미나II,문승연,금18:00-18:50【51209】,1,4.98,236,0,오프라인,.,자과캠
기타,GELT020-41,교양테니스,김정현,월10:00-10:50【05124A】 월11:00-11:50【05124A】,1,5,33,0,오프라인,.,자과캠
기타,GELT020-42,교양테니스,김정현,월12:00-12:50【05124A】 월13:00-13:50【05124A】,1,5,31,0,오프라인,.,자과캠
기타,GELT022-42,교양골프,김지철,수11:00-11:50【51307】 수12:00-12:50【51307】,1,0,30,0,오프라인,.,자과캠
기타,GELT022-41,교양골프,김영배,목16:00-16:50【51306】 목17:00-17:50【51306】,1,2.9,14,0,오프라인,.,자과캠
기타,GELT016-41,교양농구,김상준,금10:00-10:50【51307】 금11:00-11:50【51307】,1,5,29,0,오프라인,.,자과캠
기타,GELT028-41,교양스키,김지철,월15:00-15:50【51306】 월16:00-16:50【51306】,1,0,13,0,오프라인,.,자과캠
기타,GELT041-41,FYE세미나II,신진규,금18:00-18:50【51155】,1,4.86,270,0,오프라인,.,자과캠
기타,GELT027-42,교양스노우보드,김경민,월15:00-15:50【05124A】 월16:00-16:50【05124A】,1,0,27,0,오프라인,.,자과캠
기타,GELT019-41,교양탁구,강동훈,화13:00-13:50【51306】 화14:00-14:50【51306】,1,0,30,0,오프라인,.,자과캠
기타,GELT091-41,교양피클볼,김경민,수15:00-15:50【05124A】 수16:00-16:50【05124A】,1,5,29,0,오프라인,.,자과캠
기타,GELT001-41,성균프레시맨세미나,채종서,목11:00-11:50【23242】,1,5,12,0,"오프라인, 전자전기공학부 권장반 / P/F 과목",.,자과캠
교직,CFTD112-41,공업교과교재연구및지도법,강성원,화12:00-13:15【미지정】 화13:30-14:45【미지정】,3,0,2,0,"PBL(온라인[사전제작]+오프라인), 합반(23114): 체육교과교재연구및지도법+공업교과교재연구및지도법",교직,자과캠
교직,CFTD110-41,과학교과교재연구및지도법,황부남,수18:00-19:15【23114】 수19:30-20:45【23114】,3,0,4,0,PBL(온라인[사전제작]+오프라인),교직,자과캠
교직,CFTD089-41,과학교과논리논술,이영주,금18:00-19:10【23114】,2,0,3,0,플립러닝(온라인[사전제작]+오프라인),교직,자과캠
교직,CFTD103-41,교육과정,황부남,월18:00-18:50【23114】 월19:00-19:50【23114】,2,0,4,0,PBL(온라인[사전제작]+오프라인),교직,자과캠
교직,CFTD003-41,교육심리,심성용,금10:00-10:50【23114】 금11:00-11:50【23114】,2,0,5,0,오프라인,교직,자과캠
교직,CFTD006-41,교육행정및교육경영,이현주,수15:00-16:15【23114】【0.5h(ON)+1.5h(OFF)】,2,4.44,5,0,플립러닝(온라인[사전제작]+오프라인),교직,자과캠
교직,CFTD122-41,교직실무,정종민,화10:00-10:50【85712】,1,4.65,3,0,오프라인,교직,자과캠
교직,CFTD054-41,수학교과교재연구및지도법,김용석,금15:00-16:15【23114】 금16:30-17:45【23114】,3,5,2,0,오프라인,교직,자과캠
교직,CFTD081-41,수학교과논리논술,김용석,목18:00-18:50【23114】 목19:00-19:50【23114】,2,4.5,1,0,오프라인,교직,자과캠
교직,CFTD069-41,체육교과교재연구및지도법,강성원,화12:00-13:15【23114】 화13:30-14:45【23114】,3,5,9,0,"PBL(온라인[사전제작]+오프라인), 합반(23114): 체육교과교재연구및지도법+공업교과교재연구및지도법",교직,자과캠
교직,CFTD093-41,특수교육학개론,권승희,수13:00-13:50【85712】 수14:00-14:50【85712】,2,4.56,4,0,오프라인,교직,자과캠
교직,CFTD002-41,교육사회,장지은,월11:00-11:50【85712】 월12:00-12:50【85712】,2,3,2,0,PBL(온라인[사전제작]+오프라인),교직,자과캠
교직,CFTD119-41,학교폭력예방및학생의이해,권승희,수10:00-10:50【27530】 수11:00-11:50【27530】,2,0,6,0,오프라인,교직,자과캠
DS,DASF003-41,공학컴퓨터프로그래밍,정윤경,목13:30-14:45【26310】【1.5h(ON)+1.5h(OFF)】,3,4.61,39,0,"플립러닝(온라인[사전제작]+오프라인), ABEEK, ※ 재학생 전용반(2021학번 이후, 2021~) / 수강삭제 불가 ※",DS,자과캠
DS,DASF004-41,프로그래밍기초와실습,김영훈,수15:00-16:15【85712】【1.5h(ON)+1.5h(OFF)】,3,3.33,69,0,"국제어수업, 플립러닝(온라인[사전제작]+오프라인), ABEEK, 재학생 전용반(21학번~),외국인 신입생대상(24학번) / 수강삭제 불가",DS,자과캠
